Rank,Sentence,Cloze,Word,POS,Definition,Translation,CEFR,Note
1,{{c1::Ab}} morgen muss ich arbeiten.,ab,ab,prep.,from,"Starting tomorrow, I have to work.",A1,
2,"Ich bin oft im Büro, {{c1::aber}} nur für wenige Stunden.",aber,aber,conj.,but,"I'm often in the office, but only for a few hours.",A1,
3,Wir {{c1::fahren}} um zwölf Uhr {{c1::ab}}.,fahren ab,abfahren,v.,depart,We leave at noon.,A1,
4,Vor der {{c1::Abfahrt}} rufe ich an.,Abfahrt,die Abfahrt,n. F.,departure,"Before we leave, I'll call.",A1,
5,Ich muss meine Schlüssel {{c1::abgeben}}.,abgeben,abgeben,v.,drop off,I have to drop off my keys.,A1,
6,Wann kann ich den Schrank bei dir {{c1::abholen}}?,abholen,abholen,v.,pick up,When can I pick up the closet from you?,A1,
7,Wir müssen noch meinen Bruder {{c1::abholen}}.,abholen,abholen,v.,pick up,We still have to pick up my brother.,A1,
8,Da ist ein Brief für dich ohne {{c1::Absender}}.,Absender,der Absender,n. M.,sender,There's a letter for you with no return address.,A1,
9,{{c1::Achtung}}! Das düren Sie nicht tun.,Achtung,die Achtung,n. F.,attention,Attention! You mustn't do that.,A1,
10,Können Sie mir seine {{c1::Adresse}} sagen?,Adresse,die Adresse,n. F.,address,Can you tell me his address?,A1,
11,{{c1::Alles}} Gute!,alles,all-,adj.,all,All the best!,A1,
12,Das ist {{c1::alles}}.,alles,all-,pron.,all,That's all.,A1,
13,Sind {{c1::alle}} da?,alle,all-,pron.,all,Is everybody here?,A1,
14,{{c1::Alle}} Freunde kommen.,Alle,all-,det.,all,All friends are coming.,A1,
15,hast du {{c1::alles}}?,alles,all-,pron.,all,Do you have everything?,A1,
16,Er kommt {{c1::allein}}.,allein,allein,adv.,alone,He's coming alone.,A1,
17,"{{c1::Also}}, es ist so: ...",Also,also,adv.,So,"Well, it's like this: ...",A1,
18,"Er hat Zeit, {{c1::also}} muss er uns helfen.",also,also,adv.,so,"He has time, so he must help us.",A1,
19,Wie {{c1::alt}} sind Sie?,alt,alt,adv.,old,How old are you?,A1,
20,Sie sehen aber nicht so {{c1::alt}} aus.,alt,alt,adv.,old,You don't look that old.,A1,
21,Mein Auto ist schon sehr {{c1::alt}}.,alt,alt,adv.,old,My car is very old.,A1,
22,Wir wohnen in einem sehr {{c1::alten}} Haus.,alten,alt,adj.,old,We live in a very old house.,A1,
23,Köln ist eine {{c1::alte}} Stadt.,alte,alt,adj.,old,Cologne is an old city.,A1,
24,{{c1::Alter}}: 26 Jahre.,Alter,das Alter,n. N.,age,Age: 26 years.,A1,
25,Fahren Sie {{c1::an}} der nächsten Straße nach rechts.,an,an,prep.,at,Turn right at the next street.,A1,
26,Wir treffen uns {{c1::am}} Bahnhof.,am,an,prep.,at,Meet me at the train station.,A1,
27,{{c1::Am}} nächsten Montag geht es leider nicht.,Am,an,prep.,at,Next Monday is unfortunately not possible.,A1,
28,Was darf ich dir {{c1::anbieten}}?,anbieten,anbieten,v.,offer,What can I offer you?,A1,
29,Heute sind Sportschuhe im {{c1::Angebot}}.,Angebot,das Angebot,n. N.,offer,There are sports shoes on sale today.,A1,
30,"Willst du diese jacke? - Nein, ich möchte die {{c1::andere}}.",andere,ander-,pron.,other,"Do you want this jacket? - No, I want the other one.",A1,
31,Hier {{c1::fängt}} die Bahnhofstraße {{c1::an}}.,fängt an,anfangen,v.,starts,This is the beginning of Bahnhofstraße.,A1,
32,Der unterricht {{c1::fängt}} gleich {{c1::an}}.,fängt an,anfangen,v.,begins,Class is about to start.,A1,
33,Sie wohnt am {{c1::Anfang}} der Straße.,Anfang,der Anfang,n. M.,beginning,She lives at the beginning of the street.,A1,
34,Wir machen {{c1::Anfang}} Juli Urlaub.,Anfang,der Anfang,n. M.,beginning,We're going on vacation at the beginning of July.,A1,
35,Da musst du dieses Wort {{c1::anklicken}}.,anklicken,anklicken,v.,click,You have to click on this word.,A1,
36,Wann {{c1::kommt}} dieser Zug in Hamburg {{c1::an}}?,kommt an,ankommen,v.,arrives,When does this train arrive in Hamburg?,A1,
37,Auf diesem Plan steht nur die {{c1::Ankunft}} der Züge.,Ankunft,die Ankunft,n. F.,arrival,This schedule only shows the arrival of the trains.,A1,
38,Auf dem Formular müssen Sie an mehreren Stellen etwas {{c1::ankreuzen}}.,ankreuzen,ankreuzen,v.,tick,On the form you have to tick something in several places.,A1,
39,{{c1::Mach}} bitte das Licht {{c1::an}}!,Mach an,anmachen,v.,turn on,Please turn on the light!,A1,
40,Wo kann ich {{c1::mich}} {{c1::anmelden}}?,mich anmelden,(sich) anmelden,v.,register me,Where can I register?,A1,
41,Eine {{c1::Anmeldung}} für diesen Kurs ist nicht mehr möglich.,Anmeldung,die Anmeldung,n. F.,Registration,It is no longer possible to register for this course.,A1,
42,Schreiben Sie auch eine {{c1::Anrede}} und einen Gruß.,Anrede,die Anrede,n. F.,Salutation,Also write a salutation and a greeting.,A1,
43,Kann man Sie {{c1::anrufen}}?,anrufen,anrufen,v.,call,Is it possible to call you?,A1,
44,Peter {{c1::ruft}} kurz seine Freundin {{c1::an}}.,ruft an,anrufen,v.,calls,Peter makes a quick call to his girlfriend.,A1,
45,Sie bekommt viele {{c1::Anrufe}} auf ihrem Handy.,Anrufe,der Anruf,n. M.,calls,She gets a lot of calls on her cell phone.,A1,
46,Wir sind im Moment nicht da. Sprechen Sie bitte auf den {{c1::Anrufbeantworter}}.,Anrufbeantworter,der Anrufbeantworter,n. M.,answering machine,We are not here at the moment. Please leave a message on the answering machine.,A1,
47,Hören Sie die {{c1::Ansagen}}.,Ansagen,die Ansage,n. F.,announcements,Listen to the announcements.,A1,
48,In Mannheim haben Sie {{c1::Anschluss}} nach Saarbrücken.,Anschluss,der Anschluss,n. M.,connection,"In Mannheim, you have a connection to Saarbrücken.",A1,
49,Ist das die Anmeldung für einen {{c1::Telefonanschluss}}?,Telefonanschluss,der Telefonanschluss,n. M.,Telephone connection,Is this the registration for a telephone connection?,A1,
50,Heute Nacht {{c1::war}} das Licht {{c1::an}}.,war an,an sein,v.,was on,The light was on tonight.,A1,
51,Er {{c1::antwortet}} nicht.,antwortet,antworten,v.,answers,He does not answer.,A1,
52,Er gibt leider keine {{c1::Antwort}}.,Antwort,die Antwort,n. F.,Answer,I'm afraid he doesn't answer.,A1,
53,Ich habe Ihre {{c1::Anzeige}} in der Zeitung gelesen.,Anzeige,die Anzeige,n. F.,display,I read your ad in the paper.,A1,
54,Ich muss {{c1::mich}} noch {{c1::anziehen}}.,mich anziehen,(sich) anziehen,v.,dress me,I still have to get dressed.,A1,
55,Wir haben ein {{c1::Apartment}} gemietet.,Apartment,das Apartment,n. N.,Apartment,We've rented an apartment.,A1,
56,Ein Pfund {{c1::Äpfel}} bitte.,Äpfel,der Apfel,n. M.,Apples,"A pound of apples, please.",A1,
57,Guten {{c1::Appetit}}!,Appetit,der Appetit,n. M.,appetite,Enjoy your meal.,A1,
58,Wo {{c1::arbeiten}} Sie?,arbeiten,arbeiten,v.,work,Where do you work?,A1,
59,Mein Bruder sucht {{c1::Arbeit}}.,Arbeit,die Arbeit,n. F.,work,My brother is looking for work.,A1,
60,"Es gibt bei uns viele Leute, die Schon lange arbeitslos sind.",abeitslos,arbeitslos,adj.,unemployed,We have a lot of people who have been unemployed for a long time.,A1,
61,An meinem {{c1::Arbeitsplatz}} fehlt ein Drucker.,Arbeitsplatz,der Arbeitsplatz,n. M.,job,I don't have a printer at my workplace.,A1,
62,Mein {{c1::Arm}} tut weh.,Arm,der Arm,n. M.,arm,My arm hurts.,A1,
63,Morgen habe ich einem Termin bei meiner {{c1::Ärztin}}.,Ärztin,der Arzt,n. M.,doctor,Tomorrow I have an appointment with my doctor.,A1,
64,Ich bin {{c1::auch}} Spanier.,auch,auch,adv.,also,I am also Spanish.,A1,
65,Die Kinder spielen {{c1::auf}} der Straße.,auf,auf,prep.,on,The children play in the street.,A1,
66,{{c1::Auf}} Wiedersehen.,Auf,auf,prep.,On,Goodbye.,A1,
67,Wie heißt das {{c1::auf}} Deutsch?,Auf,auf,prep.,On,How do you say that in German?,A1,
68,Das ist eine schwere {{c1::Aufgabe}}.,Aufgabe,die Aufgabe,n. F.,task,That's a tough one.,A1,
69,Der Kurs {{c1::hört}} in einer Woche {{c1::auf}}.,hört auf,aufhören,v.,stops,The course ends in a week.,A1,
70,Hier {{c1::hört}} die Bahnhofstraße {{c1::auf}}.,hört auf,aufhören,v.,stops,Bahnhofstrasse ends here.,A1,
71,Du brauchst den Schlüssel nicht. Die Wohnung {{c1::ist}} {{c1::auf}}.,ist auf,auf sein,v.,is up,You don't need the key. The apartment is open.,A1,
72,Ich muss immer um vier uhr {{c1::aufstehen}}.,aufstehen,aufstehen,v.,get up,I always have to get up at four.,A1,
73,Soll ich {{c1::aufstehen}}?,aufstehen,aufstehen,v.,stand up,Should I get up?,A1,
74,In diesem Haus gibt es keinen {{c1::Aufzug}}.,Aufzug,der Aufzug,n. M.,elevator,There's no elevator in this house.,A1,
75,Er hat blaue {{c1::Augen}}.,Augen,das Auge,n. N.,eyes,He has blue eyes.,A1,
76,Er kommt {{c1::aus}} Brasilien.,aus,aus,prep.,off,He's from Brazil.,A1,
77,Morgen machen wir einen {{c1::Ausflug}} nach Heidelberg.,Ausflug,der Ausflug,n. M.,trip,Tomorrow we are going on a trip to Heidelberg.,A1,
78,{{c1::Füllen}} Sie bitte dieses Formular {{c1::aus}}.,Füllen aus,ausfüllen,v.,Fill out,Please fill out this form.,A1,
79,Wo ist der {{c1::Ausgang}}?,Ausgang,der Ausgang,n. M.,Exit,Where is the exit?,A1,
80,Können Sie mir eine {{c1::Auskunft}} geben?,Auskunft,die Auskunft,n. F.,Information,Can you give me some information?,A1,
81,Fahren Sie ins {{c1::Ausland}}?,Ausland,das Ausland,n. N.,Foreign country,Are you going abroad?,A1,
82,Sind Sie {{c1::Ausländerin}}?,Ausländerin,der Ausländer,n. M.,foreigner,Are you a foreigner?,A1,
83,Leider habe ich nur {{c1::ausländisches}} Geld.,ausländisches,ausländisch,adj.,foreign,"Unfortunately, I only have foreign money.",A1,
84,{{c1::Mach}} bitte das Licht {{c1::aus}}!,Mach aus,ausmachen,v.,Make out,"Turn off the light, please!",A1,
85,ist die {{c1::Aussage}} richtig oder falsch?,Aussage,die Aussage,n. F.,statement,Is the statement true or false?,A1,
86,Das {{c1::sieht}} schön {{c1::aus}}.,sieht aus,aussehen,v.,looks off,It looks nice.,A1,
87,Das Licht {{c1::ist}} {{c1::aus}}.,ist aus,aus sein,v.,is off,The light is off.,A1,
88,Das Schule {{c1::ist}} {{c1::aus}}.,ist aus,aus sein,v.,is off,School is out.,A1,
89,Wo muss ich {{c1::aussteigen}}?,aussteigen,aussteigen,v.,get off,Where do I get off?,A1,
90,Hier ist mein {{c1::Ausweis}}.,Ausweis,der Ausweis,n. M.,ID card,Here is my pass.,A1,
91,"{{c1::Zieh}} die Schuhe {{c1::aus}}, bitte!",Zieh aus,(sich) ausziehen,v.,pull out,"Take off your shoes, please!",A1,
92,Er kommt mit dem {{c1::Auto}}.,Auto,das Auto,n. N.,car,He's coming by car.,A1,
93,Wo geht's hier bitte zur {{c1::Autobahn}}?,Autobahn,die Autobahn,n. F.,highway,"Which way to the highway, please?",A1,
94,Die Fahrkarten gibt es nur am {{c1::Automaten}}.,Automaten,der Automat,n. M.,vending machine,The tickets are only available at the ticket machine.,A1,
95,Du musst nichts machen. Das geht {{c1::automatisch}}.,automatisch,automatisch,adv.,automatic,You don't have to do anything. It's automatic.,A1,
96,Mein Kind ist noch ein {{c1::Baby}}.,Baby,das Baby,n. N.,Baby,My child is still a baby.,A1,
97,Ich geh mal schnell zur {{c1::Bäckerei}}.,Bäckerei,die Bäckerei,n. F.,Bakery,I'm going to the bakery.,A1,
98,Wir haben kein großes {{c1::Bad}}.,Bad,das Bad,n. N.,bath,We don't have a big bathroom.,A1,
99,"Ich {{c1::bade}} nicht so gern, ich dusche lieber.",bade,baden,v.,bath,"I don't like baths, I prefer showers.",A1,
100,Wir fahren lieber mit der {{c1::Bahn}}.,Bahn,die Bahn,n. F.,Railroad,We prefer to take the train.,A1,
101,Ich nehme die nächste {{c1::Bahn}}.,Bahn,die Bahn,n. F.,Railroad,I'll take the next train.,A1,
102,Komme ich hier zum {{c1::Bahnhof}}?,Bahnhof,der Bahnhof,n. M.,railroad station,Can I get to the station here?,A1,
103,Auf welchem {{c1::Bahnsteig}} fährt der Zug?,Bahnsteig,der Bahnsteig,n. M.,platform,Which platform is the train on?,A1,
104,Ich komme {{c1::bald}}.,bald,bald,adv.,soon,I'll be there soon.,A1,
105,Die Wohnung hat auch einen kleinen {{c1::Balkon}}.,Balkon,der Balkon,n. M.,balcony,The apartment also has a small balcony.,A1,
106,"Drei {{c1::Bananen}}, bitte!",Bananen,die Banane,n. F.,Bananas,"Three bananas, please!",A1,
107,Die {{c1::Bank}} schließt schon um vier Uhr.,Bank,die Bank,n. F.,bench,The bank closes at four o'clock.,A1,
108,Er sitzt im Park auf einer {{c1::Bank}} und liest.,Bank,die Bank,n. F.,bench,He sits on a bench in the park and reads.,A1,
109,Muss ich {{c1::bar}} zahlen oder geht's auch mit Karte?,bar,bar,adv.,bar,Do I have to pay cash or can I use a card?,A1,
110,Seit gestern tut mir der {{c1::Bauch}} weh.,Bauch,der Bauch,n. M.,Belly,My stomach has been hurting since yesterday.,A1,
111,"Vorsicht, fahr nicht an den {{c1::Baum}}!",Baum,der Baum,n. M.,Tree,"Careful, don't hit the tree!",A1,
112,Fragen Sie die {{c1::Beamtin}} an Schalter acht!,Beamtin,der Beamte,n. M.,Official,Ask the clerk at counter eight!,A1,
113,Was {{c1::bedeutet}} das Wort?,bedeutet,bedeuten,v.,means,What does the word mean?,A1,
114,Das Spiel {{c1::beginnt}} um 15.30 Uhr.,beginnt,beginnen,v.,begins,The game starts at 3:30 p.m.,A1,
115,Offenbach liegt {{c1::bei}} Frankfurt.,bei,bei,prep.,at,Offenbach is near Frankfurt.,A1,
116,Ich wohne {{c1::bei}} meinen Eltern.,bei,bei,prep.,at,I live with my parents.,A1,
117,{{c1::Bei}} uns regnet es heute.,Bei,bei,prep.,At,It's raining at our house today.,A1,
118,Er arbeitet {{c1::bei}} der Polizei.,bei,bei,prep.,at,He works for the police.,A1,
119,{{c1::Beide}} Eltern arbeiten.,Beide,beide,det.,both,Both parents work.,A1,
120,Wir kommen {{c1::beide}}.,beide,beide,pron.,both,We both come.,A1,
121,Mein rechtes {{c1::Bein}} tut weh.,Bein,das Bein,n. N.,leg,My right leg hurts.,A1,
122,Kannst du mir ein {{c1::Beispiel}} sagen?,Beispiel,das Beispiel,n. N.,Example,Can you tell me an example?,A1,
123,"Viele meiner Verwandten, z. B. meine beiden Brüder, arbeiten auch hier.",z. B.,zum Beispiel / z. B.,adv.,e.g. ,"Many of my relatives, for example my two brothers, also work here.",A1,
124,Picasso ist sher {{c1::bekannt}}.,bekannt,bekannt,adv.,known,Picasso is very famous.,A1,
125,Ein {{c1::Bekannter}} von mir heißt Klaus.,Bekannter,der/die Bekannte,n.,acquaintance,An acquaintance of mine is called Klaus.,A1,
126,Haben Sie meinen Brief {{c1::bekommen}}?,bekommen,bekommen,v.,get,Did you get my letter?,A1,
127,Was {{c1::bekommen}} Sie?,bekommen,bekommen,v.,get,What do you get?,A1,
128,Bieses medikament {{c1::bekommen}} Sie in der Apotheke.,bekommen,bekommen,v.,get,You can get some medicine at the pharmacy.,A1,
129,Die Aufzüge bitte nicht {{c1::benutzen}}!,benutzen,benutzen,v.,use,Please don't use the elevators!,A1,
130,Was sind Sie von {{c1::Beruf}}?,Beruf,der Beruf,n. M.,profession,What is your profession?,A1,
131,Was ist Ihr {{c1::Beruf}}?,Beruf,der Beruf,n. M.,occupation,What is your profession?,A1,
132,Die Nummer ist immer {{c1::besetzt}}.,besetzt,besetzt,v.,occupied,The number is always busy.,A1,
133,Der Platz ist {{c1::besetzt}}.,besetzt,besetzt,v.,occupies,The seat is occupied.,A1,
134,Ich möchte gern den Dom {{c1::besichtigen}}.,besichtigen,besichtigen,v.,occupy,I would like to visit the cathedral.,A1,
135,Es geht mir schon {{c1::besser}}.,besser,besser,adv.,better,I feel better already.,A1,
136,Am {{c1::besten}} treffen wir uns morgen.,besten,best-,adv.,best,It would be best if we met tomorrow.,A1,
137,"Wir möchten {{c1::bestellen}}, bitte.",bestellen,bestellen,v.,order,"We would like to order, please.",A1,
138,Dieses Buch haben wir nicht - sollen wir es für Sie {{c1::bestellen}}?,bestellen,bestellen,v.,order,We don't have this book - shall we order it for you?,A1,
139,Darf ich dich {{c1::besuchen}}?,besuchen,besuchen,v.,visit,May I visit you?,A1,
140,Wir brauchen noch ein {{c1::Kinderbett}}.,Kinderbett,das Bett,n. N.,crib,We need another crib.,A1,
141,Wo muss ich {{c1::bezahlen}}?,bezahlen,bezahlen,v.,pay,Where do I pay?,A1,
142,Noch ein {{c1::Bier}} bitte.,Bier,das Bier,n. N.,beer,Another beer please.,A1,
143,Hast du ein {{c1::Bild}} von deinem Sohn?,Bild,das Bild,n. N.,picture,Do you have a picture of your son?,A1,
144,Die Jacke kostet nur 10 Euro! Die ist aber {{c1::billig}}?,billig,billig,adv.,cheap,The jacket is only 10 euros! But it's cheap?,A1,
145,"Ein Kilo {{c1::Birnen}}, bitte!",Birnen,die Birne,n. F.,pears,"A kilo of pears, please!",A1,
146,Ich fahre nur {{c1::bis}} Stuttgart.,bis,bis,prep.,to,I'm only going as far as Stuttgart.,A1,
147,Ich warte {{c1::bis}} morgen.,bis,bis,prep.,to,I'll wait until tomorrow.,A1,
148,"Ich spreche Englisch, Französisch und ein {{c1::bisschen}} Deutsch.",bisschen,bisschen,det.,bit,"I speak English, French and a little German.",A1,
149,"Eine Tasse Kaffee, {{c1::bitte}}!",bitte,bitte,part.,please,"A cup of coffee, please!",A1,
150,Sprechen Sie {{c1::bitte}} leise!,bitte,bitte,adv.,please,"Speak softly, please!",A1,
151,Ich habe noch eine {{c1::Bitte}}.,Bitte,die Bitte,n. F.,please,I have one more request.,A1,
152,Darf ich Sie um etwas {{c1::bitten}}?,bitten,bitten,v.,ask,Can I ask you for something?,A1,
153,Der Kaffee schmeckt {{c1::bitter}}.,bitter,bitter,adv.,bitter,The coffee tastes bitter.,A1,
154,Ich {{c1::bleibe}} heute zu Hause.,bleibe,bleiben,v.,stay,I'll stay home today.,A1,
155,Wir {{c1::bleiben}} nur bis morgen.,bleiben,bleiben,v.,stay,We'll only stay until tomorrow.,A1,
156,Hast du einen {{c1::Bleistift}}?,Bleistift,der Bleistift,n. M.,Pencil,Do you have a pencil?,A1,
157,Von diesem Hotel hat man einen guten {{c1::Blick}} auf den Rhein.,Blick,der Blick,n. M.,view,This hotel has a good view of the Rhine.,A1,
158,Gefallen dir die {{c1::Blumen}}?,Blumen,die Blumen,n. F.,flowers,Do you like the flowers?,A1,
159,Schrieben Sie Ihre Lösungen bitte auf den {{c1::Antwortbogen}}.,Antwortbogen,der Bogen,n. M.,answer sheet,Please write your solutions on the answer sheet.,A1,
160,Sie ist {{c1::böse}} auf mich.,böse,böse,adv.,evil,She's mad at me.,A1,
161,{{c1::Brauchst}} du die Zeitung noch?,Brauchst,brauchen,n. prop.,need,Do you still need the newspaper?,A1,
162,Wie {{c1::breit}} ist der Schrank?,breit,breit,adv.,wide,How wide is the closet?,A1,
163,haben Sie einen {{c1::Brief}} für mich?,Brief,der Brief,n. M.,letter,Do you have a letter for me?,A1,
164,Kaufst du bitte {{c1::Briefmarken}} bei der Post.,Briefmarken,die Briefmarke,n. F.,Stamps,Will you please buy stamps at the post office.,A1,
165,{{c1::Bringen}} Sie mir bitten noch einen Kaffee!,Bringen,bringen,v.,bring,"Bring me another coffee, please!",A1,
166,Wir müssen ihn zum Arzt {{c1::bringen}}.,bringen,bringen,v.,bring,We have to take him to the doctor.,A1,
167,Haben Sie auch {{c1::Weißbrot}}?,Weißbrot,das Brot,n. N.,white bread,Do you have white bread?,A1,
168,Nimm noch ein paar {{c1::Brote}} für die Fahrt mit.,Brote,das Brot,n. N.,breads,Take some more bread for the trip.,A1,
169,Möchtest du {{c1::Brötchen}} zum Frühstück?,Brötchen,das Brötchen,n. N.,"buns, rolls",Would you like rolls for breakfast?,A1,
170,Sein {{c1::Bruder}} arbeitet auch hier.,Bruder,der Bruder,n. M.,brother,His brother works here too.,A1,
171,Gute {{c1::Bücher}} sind oft sehr teuer.,Bücher,das Buch,n. N.,books,Good books are often very expensive.,A1,
172,in diesem {{c1::Wörterbuch}} finden Sie mehr als 20.000 Wörter.,Wörterbuch,das Buch,n. N.,dictionary,"In this dictionary you will find more than 20,000 words.",A1,
173,Diesen {{c1::Buchstaben}} gibt es in meiner Sprache nicht.,Buchstaben,der Buchstabe,n. M.,letters,This letter does not exist in my language.,A1,
174,Bitte {{c1::buchstabieren}} Sie Ihren Namen.,buchstabieren,buchstabieren,v.,spell,Please spell your name.,A1,
175,Wann kommt der nächste {{c1::Bus}}?,Bus,der Bus,n. M.,bus,When is the next bus?,A1,
176,Für mich bitte ein Brötchen mit {{c1::Butter}} und Käse.,Butter,die Butter,n. F.,butter,"A roll with butter and cheese for me, please.",A1,
177,Sollen wir uns im {{c1::Café}} treffen?,Café,das Café,n. N.,café,Shall we meet at the café?,A1,
178,Bring bitte deine {{c1::Lieblings-CD}} mit.,Lieblings-CD,"die CD,",n. F.,favorite CD,Please bring your favorite CD.,A1,
179,Wir haben eine neue {{c1::Chefin}}.,Chefin,der Chef,n. M.,boss,We have a new boss.,A1,
180,Von Mainz nach Frankfurt sind es {{c1::circa}} fünfzig Kilometer.,circa,circa / ca.,adv.,circa,It's about fifty kilometers from Mainz to Frankfurt.,A1,
181,Wann bekommst du deinen neuen {{c1::Computer}}?,Computer,der Computer,n. M.,computer,When are you getting your new computer?,A1,
182,{{c1::Da}} hinten ist er ja.,Da,da,conj.,there,There he is in the back.,A1,
183,Wir sprechen gerade über Paul. {{c1::Da}} kommt er ja gerade.,Da,da,adv.,here,We're talking about Paul right now. Here he comes right now.,A1,
184,Ich nehme das {{c1::da}}.,da,da,adv.,that,I'll take that one.,A1,
185,Ist Herr Klein schon {{c1::da}}?,da,da,adv.,here,Is Mr. Klein here yet?,A1,
186,{{c1::Damen}} (an der Toilette),Damen,die Dame,n. F.,Ladies,Ladies (at the toilet),A1,
187,Sehr geehrte {{c1::Damen}} und Herren! ,Damen,die Dame,n. F.,Ladies,Ladies and gentlemen! ,A1,
188,Du kennst doch die Post. {{c1::Daneben}} ist die Bank.,Daneben,daneben,adv.,Next to it,You know the post office. Next to it is the bank.,A1,
189,Ich {{c1::danke}} Ihnen für die Einladung.,danke,danken,v.,thanks,Thank you for the invitation.,A1,
190,Vielen {{c1::Dank}}!,Dank,der Dank,n. M.,Thanks,Thank you very much!,A1,
191,Herzlichen {{c1::Dank}}! ,Dank,der Dank,n. M.,thanks,Thank you very much! ,A1,
192,"Soll ich Ihnen helfen? - Nein, {{c1::danke}}!",danke,danke,v.,thank you,"Shall I help you? - No, thank you.",A1,
193,"Ich muss noch schnell zur Post, {{c1::dann}} komme ich.",dann,dann,adv.,then,"I have to go to the post office quickly, then I'll come.",A1,
194,Bitte schreiben Sie noch das {{c1::Datum}} auf das Formular.,Datum,das Datum,n. N.,Date,Please write the date on the form.,A1,
195,Wie lange {{c1::dauert}} der Film?,dauert,dauern,v.,lasts,How long is the film?,A1,
196,Ist das {{c1::dein}} Auto?,dein,dein,det.,your,Is this your car?,A1,
197,Ist das {{c1::deins}}?,deins,dein,pron.,yours,Is this yours?,A1,
198,"Ich kann nicht kommen, {{c1::denn}} ich bin krank.",denn,denn,pron.,because,I can't come because I'm sick.,A1,
199,Ich nehme {{c1::das}} da.,das,das,pron.,the,I'll take that one.,A1,
200,"Hier ist {{c1::der}} Brief, den du suchst.",der,der,det.,the,Here's the letter you're looking for.,A1,
201,{{c1::Die}} Fahrkarte bekommst du am Bahnhof.,Die,die,det.,The,You can get the ticket at the station.,A1,
202,Die Blumen sind für {{c1::dich}}.,dich,dich,pron.,you,The flowers are for you.,A1,
203,{{c1::Ich}} nehme lieber diesen Kuchen.,Ich,ich,pron.,I,I'd rather have this cake.,A1,
204,Gefallen {{c1::dir}} die Blumen?,dir,dir,pron.,you,Do you like the flowers?,A1,
205,Heute abend gehen wir in die {{c1::Disco}} tanzen.,Disco,die Disco,n. F.,Disco,Tonight we're going dancing at the disco.,A1,
206,Meine Tochter ist krank. Wir gehen zum {{c1::Doktor}}.,Doktor,der Doktor,n. M.,Doctor,My daughter is sick. We're going to see the doctor.,A1,
207,Wollen Sie ein {{c1::Doppelzimmer}} oder ein Einzelzimmer?,Doppelzimmer,das Doppelzimmer,n. N.,Double room,Do you want a double room or a single room?,A1,
208,Meine Familie lebt in einem {{c1::Dorf}}.,Dorf,das Dorf,n. N.,village,My family lives in a village.,A1,
209,Deine Tasche kannst du {{c1::dorthin}} stellen.,dorthin,dorthin,adv.,there,You can put your bag there.,A1,
210,{{c1::Dort}} ist unser Haus.,Dort,dort,adv.,there,There is our house.,A1,
211,Wollen wir {{c1::draußen}} sitzen?,draußen,draußen,adv.,outside,Do you want to sit outside?,A1,
212,Bitte {{c1::drucke}} das Formular für mich.,drucke,drucken,v.,prints,Please print the form for me.,A1,
213,Mein {{c1::Drucker}} ist kaputt.,Drucker,der Drucker,n. M.,Printer,My printer is broken.,A1,
214,"{{c1::Drück}} hier, dann geht der Computer an.",Drück,drücken,adv.,Press,Press here and the computer will turn on.,A1,
215,Am besten gehen Sie {{c1::durch}} die Breite Straße.,durch,durch,prep.,through,It's best to go through Breite Straße.,A1,
216,Ich habe die {{c1::Durchsage}} nicht verstanden.,Durchsage,die Durchsage,n. F.,announcement,I didn't understand the announcement.,A1,
217,Sie {{c1::dürfen}} hier nicht rauchen.,dürfen,dürfen,aux.,May,You are not allowed to smoke here.,A1,
218,{{c1::Darf}} ich Sie zu einem Kaffee einladen?,Darf,dürfen,aux.,May,Can I buy you a coffee?,A1,
219,Es {{c1::darf}} nicht mehr als 15 Euro kosten.,darf,dürfen,aux.,may,It mustn't cost more than 15 euros.,A1,
220,Hast du etwas zu trinken? Ich habe großen {{c1::Durst}}.,Durst,der Durst,n. M.,thirst,Do you have something to drink? I am very thirsty.,A1,
221,"Ich bade nicht so gern, ich {{c1::dusche}} lieber.",dusche,(sich) duschen,v.,shower,"I don't like bathing so much, I prefer showering.",A1,
222,Unsere Wohnung hat nur eine {{c1::Dusche}}. ,Dusche,die Dusche,n. F.,shower,Our apartment has only one shower. ,A1,
223,An der nächsten {{c1::Ecke}} links. ,Ecke,die Ecke,n. F.,corner,At the next corner on the left. ,A1,
224,Das ist mein meine {{c1::Ehefrau}}. ,Ehefrau,die Ehefrau,n. F.,wife,This is my wife. ,A1,
225,Das ist mein {{c1::Ehemann}}.,Ehemann,der Ehemann,n. M.,husband,This is my husband.,A1,
226,Möchtest du ein {{c1::Ei}} zum Frühstück?,Ei,das Ei,n. N.,egg,Would you like an egg for breakfast?,A1,
227,Hast du es {{c1::eilig}}?,eilig,eilig,adv.,hurry,Are you in a hurry?,A1,
228,Ich nehme {{c1::ein}} Bier. Willst du auch eins? ,ein,ein,det.,one,I'll have a beer. You want one too? ,A1,
229,"Ist hier {{c1::einer}}, der das kann?",einer,ein,pron.,one,Is there anyone here who can?,A1,
230,Die Prüfung ist ganz {{c1::einfach}}.,einfach,einfach,adv.,simply,The test is very simple.,A1,
231,"Hin und zurück? – Nein, bitte nur {{c1::einfach}}.",einfach,einfach,adv.,simple,"There and back? - No, just simple please.",A1,
232,Ich brauche nur ein {{c1::einfaches}} Zimmer.,einfaches,einfach,adj.,simple,I just need a simple room.,A1,
233,Der {{c1::Eingang}} ist um die Ecke.,Eingang,der Eingang,n. M.,entrance,The entrance is around the corner.,A1,
234,Ich muss noch für morgen {{c1::einkaufen}}.,einkaufen,einkaufen,v.,shopping,I have to do some shopping for tomorrow.,A1,
235,Darf ich Sie zu einem Kaffee {{c1::einladen}}?,einladen,einladen,v.,invite,May I invite you for a coffee?,A1,
236,Danke für die {{c1::Einladung}}! ,Einladung,die Einladung,n. F.,invitation,Thank you for inviting me! ,A1,
237,Diese Prüfung mache ich nicht noch {{c1::einmal}}.,einmal,einmal,adv.,once,I won't take this test again.,A1,
238,"Schnell, {{c1::steig}} {{c1::ein}}, der Zug fährt gleich.",steig ein,einsteigen,v. ,get in,"Quick, get in, the train is about to leave.",A1,
239,Der Preis für den {{c1::Eintritt}} ist 5 Euro.,Eintritt,der Eintritt,n. M.,entrance,The price of admission is 5 euros.,A1,
240,Haben Sie noch ein {{c1::Einzelzimmer}}? ,Einzelzimmer,das Einzelzimmer,n. N.,single room,Do you still have a single room? ,A1,
241,Meine {{c1::Eltern}} leben in Spanien.,Eltern,die Eltern,n. F.,Parents,My parents live in Spain.,A1,
242,Ich habe Ihre {{c1::E-Mail}} nicht bekommen.,E-Mail,die E-Mail,n. F.,E-mail,I didn't get your e-mail.,A1,
243,"Auf dem Brief steht dein Name, also bist du der {{c1::Empfänger}}.",Empfänger,der Empfänger,n. M.,Recipient,"The letter has your name on it, so you are the recipient.",A1,
244,Welchen Wein können Sie mir {{c1::empfehlen}}?,empfehlen,empfehlen,v.,recommend,What wine can you recommend me?,A1,
245,Die Straße {{c1::endet}} hier.,endet,enden,v.,ends,The street ends here.,A1,
246,Sie wohnt am {{c1::Ende}} der Straße.,Ende,das Ende,n. N.,End,She lives at the end of the street.,A1,
247,Er bekommt sein Geld am {{c1::Ende}} des Monats.,Ende,das Ende,n. N.,End,He gets his money at the end of the month.,A1,
248,{{c1::Entschuldigen}} Sie bitte!,Entschuldigen,entschuldigen,v.,Apologize,Excuse me!,A1,
249,{{c1::Entschuldigung}}! – Bitte.,Entschuldigung,die Entschuldigung,n. F.,Apologize,Excuse me! - Please.,A1,
250,{{c1::Er}} heißt Ali.,Er,er,pron.,He,His name is Ali.,A1,
251,Das {{c1::Ergebnis}} des Tests bekommen Sie in zwei Wochen.,Ergebnis,das Ergebnis,n. N.,Result,You will get the result of the test in two weeks.,A1,
252,Kannst du mir das {{c1::erklären}}?,erklären,erklären,v.,explain,Can you explain this to me?,A1,
253,Rauchen ist hier nicht {{c1::erlaubt}}.,erlaubt,erlauben,v.,allowed,Smoking is not allowed here.,A1,
254,Dieser Film ist nur für {{c1::Erwachsene}}.,Erwachsene,der Erwachsene,n. M.,adult,This movie is for adults only.,A1,
255,Wir müssen euch etwas {{c1::erzählen}}!,erzählen,erzählen,v.,tell,We have something to tell you!,A1,
256,{{c1::Es}} regnet.,Es,es,pron.,It,It's raining.,A1,
257,Was gibt es zu {{c1::essen}}?,essen,essen,v.,eat,What's for dinner?,A1,
258,Das {{c1::Essen}} ist heute sehr gut.,Essen,das Essen,n. N.,Food,The food is very good today.,A1,
259,{{c1::Euer}} Kurs beginnt heute. ,Euer,euer,det.,Your,Your class starts today. ,A1,
260,Ich {{c1::fahre}} mit dem Auto zur Arbeit.,fahre,fahren,v.,drive,I'm going to work by car.,A1,
261,Bitte nicht mit dem {{c1::Fahrer}} sprechen!,Fahrer,der Fahrer,n. M.,Driver,Please don't talk to the driver!,A1,
262,Hast du schon eine {{c1::Fahrkarte}}?,Fahrkarte,die Fahrkarte,n. F.,ticket,Do you have a ticket yet?,A1,
263,Fährst du mit dem {{c1::Fahrrad}} oder mit dem Auto?,Fahrrad,das Fahrrad,n. N.,bike,Are you going by bike or by car?,A1,
264,Das ist {{c1::falsch}}. ,falsch,falsch,adv.,wrong,That's wrong. ,A1,
265,Meine {{c1::Familie}} lebt in Spanien.,Familie,die Familie,n. F.,Family,My family lives in Spain.,A1,
266,Meine {{c1::Familiennamen}} sind García González.,Familiennamen,der Familienname,n. M.,Family name,My surnames are García González.,A1,
267,Bei „{{c1::Familienstand}}“ musst du „ledig“ ankreuzen.,Familienstand,der Familienstand,n. M.,Marital status,"In ""Marital status"" you have to check ""single"".",A1,
268,Die {{c1::Farbe}} gefällt mir gut.,Farbe,die Farbe,n. F.,Color,I like the color.,A1,
269,Schicken Sie uns einfach ein {{c1::Fax}}!,Fax,das Fax,n. N.,Fax,Just send us a fax!,A1,
270,"z. B. {{c1::Feierabend}}, Feiertag",Feierabend,Feier-,n.,Holiday,"z. e.g. closing time, holiday",A1,
271,Am Montag ist {{c1::Feiertag}}.,Feiertag,Feier-,n.,holiday,Monday is a holiday.,A1,
272,Wir {{c1::feiern}} heute meinen Geburtstag.,feiern,feiern,v.,celebrate,We are celebrating my birthday today.,A1,
273,"Herr Müller ist nicht da, er {{c1::fehlt}} schon seit drei Tagen.",fehlt,fehlen,v.,missing,"Mr. Müller is not here, he has been absent for three days.",A1,
274,Was {{c1::fehlt}} Ihnen?,fehlt,fehlen,v.,missing,What are you missing?,A1,
275,Diesen {{c1::Fehler}} mache ich immer.,Fehler,der Fehler,n. M.,mistake,I always make that mistake.,A1,
276,Wollen wir heute Abend mal {{c1::fernsehen}}?,fernsehen,fernsehen,v.,television,Shall we watch TV tonight?,A1,
277,Bist du {{c1::fertig}}?,fertig,fertig,adv.,ready,Are you ready?,A1,
278,Ist mein Auto schon {{c1::fertig}}?,fertig,fertig,adv.,ready,Is my car ready yet?,A1,
279,Haben Sie {{c1::Feuer}}?,Feuer,das Feuer,n. N.,fire,Do you have a light?,A1,
280,Mein Mann hat noch immer {{c1::Fieber}}.,Fieber,das Fieber,n. N.,fever,My husband still has a fever.,A1,
281,Ich möchte gern diesen {{c1::Film}} sehen.,Film,der Film,n. M.,film,I'd like to watch this movie.,A1,
282,Wir müssen den Schlüssel {{c1::finden}}.,finden,finden,v.,find,We have to find the key.,A1,
283,Er arbeitet jetzt bei einer anderen {{c1::Firma}}.,Firma,die Firma,n. F.,Company,He works for another company now.,A1,
284,Ich esse gern {{c1::Fisch}}. Fleisch mag ich nicht. ,Fisch,der Fisch,n. M.,Fish,I like to eat fish. I don't like meat. ,A1,
285,"Eine {{c1::Flasche}} Bier, bitte.",Flasche,die Flasche,n. F.,Bottle,"A bottle of beer, please.",A1,
286,{{c1::Fleisch}} mag ich nicht.,Fleisch,das Fleisch,n. N.,Meat,I don't like meat.,A1,
287,Ich {{c1::fliege}} nicht gern. Deshalb fahre ich mit dem Zug.,fliege,fliegen,v.,fly,I don't like to fly. That's why I take the train.,A1,
288,Wann {{c1::fliegst}} du {{c1::ab}}?,fliegst ab,abfliegen,v.,take off,When do you leave?,A1,
289,Der {{c1::Abflug}} ist um 11.20 Uhr.,Abflug,der Abflug,n. M.,departure,The flight leaves at 11:20.,A1,
290,Kannst du mich zum {{c1::Flughafen}} bringen?,Flughafen,der Flughafen,n. M.,airport,Can you take me to the airport?,A1,
291,Das {{c1::Flugzeug}} aus Berlin kommt heute später an.,Flugzeug,das Flugzeug,n. N.,plane,The plane from Berlin will arrive later today.,A1,
292,Sie müssen dieses {{c1::Formular}} ausfüllen.,Formular,das Formular,n. N.,Form,You need to fill out this form.,A1,
293,Darf ich ein {{c1::Foto}} machen?,Foto,das Foto,n. N.,photo,Can I take a picture?,A1,
294,Er möchte Sie etwas {{c1::fragen}}. Wann kommen Sie?,fragen,fragen,v.,ask,He wants to ask you something. When are you coming?,A1,
295,Ich habe eine {{c1::Frage}}.,Frage,die Frage,n. F.,Question,I have a question.,A1,
296,Das ist {{c1::Frau}} Becker.,Frau,die Frau,n. F.,Ms.,This is Mrs. Becker.,A1,
297,"Guten Tag, {{c1::Frau}} Schmitt!",Frau,die Frau,n. F.,Woman,"Hello, Mrs. Schmitt!",A1,
298,Hier arbeiten mehr Frauen als Männer.,Frau,die Frau,n. F.,Woman,There are more women than men working here.,A1,
299,Ist der Platz noch {{c1::frei}}?,frei,frei,adv.,free,Is this seat still available?,A1,
300,In meiner {{c1::Freizeit}} spiele ich oft Fußball.,Freizeit,die Freizeit,n. F.,Free time,I often play soccer in my free time.,A1,
301,Das weiß ich nicht; ich bin {{c1::fremd}} hier.,fremd,fremd,adv.,foreign,I don't know; I am a stranger here.,A1,
302,Ich {{c1::freue}} mich auf den Urlaub.,freue,(sich) freuen,v.,glad,I'm looking forward to the vacation.,A1,
303,Das ist ein {{c1::Freund}} von mir.,Freund,der Freund,n. M.,friend,This is a friend of mine.,A1,
304,Das ist meine {{c1::Freundin}}.,Freundin,die Freundin,n. F.,girlfriend,This is my girlfriend.,A1,
305,{{c1::Früher}} waren wir oft zusammen im Kino.,Früher,früher,adv.,earlier,We used to go to the movies together.,A1,
306,Am Sonntag {{c1::frühstücke}} ich gern im Bett.,frühstücke,frühstücken,v.,breakfast,On Sunday I like to have breakfast in bed.,A1,
307,Möchtest du ein Ei zum {{c1::Frühstück}}?,Frühstück,das Frühstück,n. N.,breakfast,Would you like an egg for breakfast?,A1,
308,Die {{c1::Führung}} durch das Haus beginnt in 3 Minuten.,Führung,die Führung,n. F.,Guide,The tour of the house starts in 3 minutes.,A1,
309,Das ist {{c1::für}} Sie.,für,für ,prep.,for,This is for you.,A1,
310,Das ist der Schlüssel {{c1::für}} die Haustür.,für,für ,prep.,for,This is the key for the front door.,A1,
311,Das ist das Brot {{c1::für}} morgen.,für,für,prep.,for,This is the bread for tomorrow.,A1,
312,Der linke {{c1::Fuß}} tut mir weh.,Fuß,der Fuß,n. M.,Foot,My left foot hurts.,A1,
313,Spielt ihr gerne {{c1::Fußball}}? ,Fußball,der Fußball,n. M.,Soccer,Do you like playing soccer? ,A1,
314,Wir haben leider keinen {{c1::Garten}}.,Garten,der Garten,n. M.,Garden,Unfortunately we don't have a garden.,A1,
315,Am Wochenende haben wir mehrere {{c1::Gäste}}.,Gäste,der Gast,n. M.,guests,On weekends we have several guests.,A1,
316,Kannst du mir bitte deinen Kugelschreiber {{c1::geben}}?,geben,geben,v.,give,"Can you give me your pen, please?",A1,
317,Es {{c1::gibt}} keine Karten mehr.,gibt,geben,v.,gives,There are no more tickets.,A1,
318,Ich bin in Zagreb {{c1::geboren}}.,geboren,geboren,v.,born,I was born in Zagreb.,A1,
319,"Das {{c1::Geburtsjahr}} Ihres Sohnes, bitte?",Geburtsjahr,das Geburtsjahr,n. N.,Year of birth,"The year of your son's birth, please?",A1,
320,Bitte schreiben Sie Ihren {{c1::Geburtsort}} auf das Formular.,Geburtsort,der Geburtsort,n. M.,birthplace,Please write your place of birth on the form.,A1,
321,Herzlichen Glückwunsch zum {{c1::Geburtstag}}!,Geburtstag,der Geburtstag,n. M.,birthday,Happy birthday!,A1,
322,Das {{c1::gefällt}} mir.,gefällt,gefallen,v.,likes,I like that.,A1,
323,Fahr nicht {{c1::gegen}} den Baum!,gegen,gegen,prep.,against,Don't drive against the tree!,A1,
324,Ich bin {{c1::gegen}} diese Lösung.,gegen,gegen,prep.,against,I am against this solution.,A1,
325,Wer spielt {{c1::gegen}} wen?,gegen,gehen,prep.,against,Who is playing against whom?,A1,
326,"Ich weiß nicht, wie das {{c1::geht}}.",geht,gehen,v.,goes,I don't know how to do it.,A1,
327,Wie geht‘s?,geht's,gehen,v.,goes,How do you do it?,A1,
328,Jetzt muss ich (aber) leider {{c1::gehen}}.,gehen,gehen,v.,go,Now I (but) unfortunately have to go.,A1,
329,Ich muss zum Arzt {{c1::gehen}}.,gehen,gehen,v.,go,I have to go to the doctor.,A1,
330,Das {{c1::geht}} nicht!,geht,gehen,v.,goes,You can't!,A1,
331,Wem {{c1::gehört}} das?,gehört,gehören,v.,belongs,Whose is this?,A1,
332,Hast du noch {{c1::Geld}}?,Geld,das Geld,n. N.,money,Do you have any money?,A1,
333,{{c1::Gemüse}} brauchen wir auch noch. ,Gemüse,das Gemüse,n. N.,Vegetables,"We need vegetables, too. ",A1,
334,Wollen Sie Ihr {{c1::Gepäck}} mitnehmen?,Gepäck,das Gepäck,n. N.,luggage,Do you want to take your luggage?,A1,
335,Da kommt er ja {{c1::gerade}}.,gerade,gerade,adv.,straight,Here he comes now.,A1,
336,Gehen Sie immer {{c1::geradeaus}}!,geradeaus,geradeaus,adv.,straight ahead,Go straight ahead!,A1,
337,Ich gehe {{c1::gerne}} einkaufen. ,gerne,gerne,adv.,like,I like shopping. ,A1,
338,Die {{c1::Geschäfte}} schließen um 18.30 Uhr.,Geschäfte,das Geschäft,n. N.,stores,The stores close at 6:30.,A1,
339,Danke für das schöne {{c1::Geschenk}}.,Geschenk,das Geschenk,n. N.,gift,Thank you for the nice present.,A1,
340,Ich habe leider keine {{c1::Geschwister}}.,Geschwister,die Geschwister,n. F.,siblings,"Unfortunately, I don't have any brothers or sisters.",A1,
341,Das {{c1::Gespräch}} mit Frau Kunz ist um 14 Uhr. Gestern war ich krank.,Gespräch,das Gespräch,n. N.,conversation,The interview with Mrs. Kunz is at 2 pm. Yesterday I was sick.,A1,
342,Meine Frau ist {{c1::gestern}} gestorben.,gestern,gestern,adv.,yesterday,My wife died yesterday.,A1,
343,Mein Lieblingsgetränk ist Tomatensaft.,Getränk,das Getränk,n. N.,Drink,My favorite drink is tomato juice.,A1,
344,Bei „{{c1::Gewicht}}“ schreibst du: 62 Kilo.,Gewicht,das Gewicht,n. N.,weight,"At ""weight"" you write: 62 kilos.",A1,
345,Wer {{c1::gewinnt}} das Spiel?,gewinnt,gewinnen,v.,gains,Who will win the game?,A1,
346,Bitte noch ein {{c1::Glas}} Wein!,Glas,das Glas,n. N.,Glass,"Another glass of wine, please!",A1,
347,Wir brauchen noch drei {{c1::Gläser}}.,Gläser,das Glas,n. N.,glasses,We need three more glasses.,A1,
348,"Sie können mir {{c1::glauben}}, es ist so.",glauben,glauben,v.,believe,"You can believe me, it's like this.",A1,
349,"Ich glaube, er kommt {{c1::gleich}}.",gleich,gleich,adv.,equal,I think he's coming.,A1,
350,Das ist mir {{c1::gleich}}.,gleich,gleich,adv.,same,I don't care.,A1,
351,Das ist der {{c1::gleiche}} Preis.,gleiche,gleich,adj.,same,It's the same price.,A1,
352,Ich komme {{c1::gleich}}.,gleich,gleich,adv.,same,I'll be right there.,A1,
353,Der ICE nach Berlin hält heute an {{c1::Gleis}} 12.,Gleis,das Gleis,n. N.,Track,The ICE train to Berlin stops today at track 12.,A1,
354,Viel {{c1::Glück}}!,Glück,das Glück,n. N.,happiness,Good luck!,A1,
355,Meine Kinder sind {{c1::glücklich}} verheiratet.,glücklich,glücklich,adv.,happy,My children are happily married.,A1,
356,Herzlichen {{c1::Glückwunsch}} zum Geburtstag.,Glückwunsch,der Glückwunsch,n. M.,congratulations,Happy birthday to you.,A1,
357,Heute haben wir dreißig {{c1::Grad}}.,Grad,Grad,n.,degree,It's thirty degrees today.,A1,
358,Ich {{c1::gratuliere}} dir!,gratuliere,gratulieren,v.,congratulations,Congratulations!,A1,
359,Heute {{c1::grillen}} wir im Garten.,grillen,grillen,v.,grill,Today we are having a barbecue in the garden.,A1,
360,Mein Bruder und ich sind gleich {{c1::groß}}.,groß,groß,adv.,great,My brother and I are the same size.,A1,
361,Frankfurt ist eine {{c1::große}} Stadt.,große,groß,adj.,large,Frankfurt is a big city.,A1,
362,Haben Sie das auch in {{c1::Größe}} 40?,Größe,die Größe,n. F.,size,Do you also have this in size 40?,A1,
363,Meine {{c1::Großeltern}} leben in Japan.,Großeltern,die Großerltern,n. F.,grandparents,My grandparents live in Japan.,A1,
364,Meine {{c1::Großmutter}} heißt Eva.,Großmutter,die Großmutter,n. F.,grandmother,My grandmother's name is Eva.,A1,
365,Mein {{c1::Großvater}} ist schon 80.,Großvater,der Großvater,n. M.,grandfather,My grandfather is already 80.,A1,
366,Die erste {{c1::Gruppe}} beginnt um 16 Uhr.,Gruppe,die Gruppe,n. F.,Group,The first group starts at 4 pm.,A1,
367,Viele {{c1::Grüße}} an Ihre Frau.,Grüße,der Gruß,n. M.,Greetings,Many greetings to your wife.,A1,
368,Mit freundlichen {{c1::Grüßen}},Grüßen,der Gruß,n. M.,greetings,With kind regards,A1,
369,Der Pass ist nicht mehr {{c1::gültig}}.,gültig,gültig,adv.,valid,The passport is no longer valid.,A1,
370,Dort gibt es {{c1::günstige}} Angebote.,günstige,günstig,adj.,favorable,There are good deals there.,A1,
371,Das finde ich {{c1::gut}}.,gut,gut,adv.,good,I think that is good.,A1,
372,Ich komme um 13 Uhr. – {{c1::Gut}}!,Gut,gut,adv.,Good,I'll be there at 1 pm. - Good!,A1,
373,{{c1::Guten}} Morgen!,Guten,gut,adj.,good,Good morning!,A1,
374,Ein {{c1::gutes}} neues Jahr!,gutes,gut,adj.,good,Happy New Year!,A1,
375,{{c1::Guten}} Appetit! ,Guten,gut,adj.,Good,Bon appetit! ,A1,
376,Sie hat lange {{c1::Haare}}.,Haare,das Haar,n. N.,hair,She has long hair.,A1,
377,Ich {{c1::habe}} ein neues Auto.,habe,haben,aux.,have,I have a new car.,A1,
378,Ein {{c1::Hähnchen}} mit Pommes bitte!,Hähnchen,das Hähnchen,n. N.,Chicken,A chicken and fries please!,A1,
379,Möchten Sie Vollpension oder {{c1::Halbpension}}?,Halbpension,die Halbpension,n. F.,Half board,Would you like full board or half board?,A1,
380,Wir treffen uns in {{c1::Halle}} B.,Halle,die halle,n. prop.,Hall,We'll meet in Hall B.,A1,
381,{{c1::Hallo}} Inge! Wie geht’s? ,Hallo,hallo,n. prop.,Hello,Hello Inge! How are you? ,A1,
382,Dieser Zug {{c1::hält}} nicht in Rüdesheim.,hält,halten,v.,stops,This train does not stop in Rüdesheim.,A1,
383,An der nächsten {{c1::Haltestelle}} müssen Sie aussteigen.,Haltestelle,die Haltestelle,n. F.,Stop,You have to get off at the next stop.,A1,
384,Er gibt mir die {{c1::Hand}}.,Hand,die Hand,n. F.,Hand,He shakes my hand.,A1,
385,In der Schule bitte die {{c1::Handys}} ausmachen!,Handys,das Handy,n. N.,Cell phones,Please turn off your cell phones at school!,A1,
386,In welchem {{c1::Haus}} wohnst du?,Haus,das Haus,n. N.,House,Which house do you live in?,A1,
387,Ich gehe jetzt nach {{c1::Hause}}.,Hause,das Haus,n. N.,home,I'm going home now.,A1,
388,Paul ist nicht zu {{c1::Hause}}.,Hause,das Haus,n. N.,Home,Paul is not at home.,A1,
389,Kannst du mir bei den {{c1::Hausaufgaben}} helfen? ,Hausaufgaben,die Hausaufgaben,n. F.,Homework,Can you help me with my homework? ,A1,
390,"Die Hausfrau/der {{c1::Hausmann}} wäscht, kocht und kauft ein.",Hausmann,der Hausmann,n. M.,Homemaker,"The housewife/househusband does the washing, cooking and shopping.",A1,
391,Ich komme aus der Schweiz. Das ist meine {{c1::Heimat}}.,Heimat,die Heimat,n. F.,home,I come from Switzerland. This is my home country.,A1,
392,Meine Schwester {{c1::heiratet}} einen Japaner. ,heiratet,heiraten,v.,marry,My sister is marrying a Japanese man. ,A1,
393,Ich {{c1::heiße}} Charlotte Meier.,heiße,heißen,v.,hot,My name is Charlotte Meier.,A1,
394,Wie {{c1::heißt}} das auf Deutsch?,heißt,heißen,v.,means,What is that in German?,A1,
395,"Können Sie mir {{c1::helfen}}, bitte?",helfen,helfen,v.,help,"Can you help me, please?",A1,
396,Im Sommer ist es bis 21 Uhr {{c1::hell}}.,hell,hell,adv.,bright,In summer it's light until 9 p.m.,A1,
397,In der neuen Küche fehlt noch der {{c1::Herd}}.,Herd,der Herd,n. M.,hearth,The stove is still missing in the new kitchen.,A1,
398,"Guten Tag, {{c1::Herr}} Sommer!",Herr,der Herr,n. M.,Mr.,"Good day, Mr. Sommer!",A1,
399,{{c1::Herzlichen}} Glückwunsch!,Herzlichen,herzlich,adj.,Hearty,Congratulations!,A1,
400,{{c1::Heute}} ist ein schöner Tag.,Heute,heute,adv.,Today,Today is a beautiful day.,A1,
401,"{{c1::Hier}} ist 06131-553221, Pamela Linke.",Hier,hier,adv.,Here,"This is 06131-553221, Pamela Linke.",A1,
402,{{c1::Hier}} wohne ich.,Hier,hier,adv.,Here,This is where I live.,A1,
403,{{c1::Hilfe}}! Bitte helfen Sie mir!,Hilfe,die Hilfe,n. F.,Help,Help! Please help me!,A1,
404,Brauchen Sie meine {{c1::Hilfe}}?,Hilfe,die Hilfe,n. F.,Help,Do you need my help?,A1,
405,Die Tür zum Aussteigen ist {{c1::hinten}}.,hinten,hinten,adv.,behind,The door to get out is in the back.,A1,
406,Meine {{c1::Hobbys}} sind Wandern und Schwimmen.,Hobbys,das Hobby,n. N.,Hobbies,My hobbies are hiking and swimming.,A1,
407,Der Mount Everest ist 8.880 Meter {{c1::hoch}}.,hoch,hoch,adv.,high,"Mount Everest is 8,880 meters high.",A1,
408,Zur dieser {{c1::Hochzeit}} kommen mehr als fünfzig Gäste.,Hochzeit,die Hochzeit,n. F.,wedding,There will be more than fifty guests at this wedding.,A1,
409,Ich {{c1::hole}} zwei Flaschen Wasser aus der Küche.,hole,holen,v.,get,I'll get two bottles of water from the kitchen.,A1,
410,{{c1::Hör}} mal! Was ist das?,Hör,hören,v.,listen,Listen! What is that?,A1,
411,Ich habe das Lied schon mal {{c1::gehört}}.,gehört,hören,v.,heard,I've heard that song before.,A1,
412,Im Urlaub sind wir in einem {{c1::Hotel}} am Meer.,Hotel,das Hotel,n. N.,Hotel,On vacation we are in a hotel by the sea.,A1,
413,Der {{c1::Hund}} ist noch jung.,Hund,der Hund,n. M.,Dog,The dog is still young.,A1,
414,Ich habe {{c1::Hunger}}! Wann ist das Essen fertig? ,Hunger,der Hunger,n. M.,Hunger,I'm hungry! When will the food be ready? ,A1,
415,{{c1::Ich}} heiße Veronika.,Ich,ich,pron.,I,My name is Veronika.,A1,
416,Gib {{c1::ihr}} bitte das Buch.,ihr,ihr,pron.,her,"Give her the book, please.",A1,
417,Gib {{c1::ihm}} bitte das Buch.,ihm,ihm,pron.,him,"Give him the book, please.",A1,
418,Ruf {{c1::ihn}} bitte an.,ihn,ihn,pron.,him,"Call him, please.",A1,
419,Frau Bast kommt {{c1::immer}} zu spät.,immer,immer,adv.,always,Mrs. Bast is always late.,A1,
420,Ich wohne {{c1::in}} Wiesbaden.,in,in,prep.,in,I live in Wiesbaden.,A1,
421,Der Zug kommt {{c1::in}} fünf Minuten.,in,in,prep.,in,The train will be here in five minutes.,A1,
422,Frau Rausch arbeitet {{c1::in}} einem Geschäft.,in,in,prep.,in,Mrs. Rausch works in a store.,A1,
423,"Komm, wir gehen {{c1::ins}} Kino.",ins,in,prep.,into,Let's go to the movies.,A1,
424,"Wenn Sie Fragen haben, gehen Sie zur {{c1::Information}}.",Information,die Information,n. F.,Information,"If you have any questions, go to the information desk.",A1,
425,Wir haben hier wichtige Informationen für Sie. ,Information,die Information,n. F.,Information,We have important information for you here. ,A1,
426,"Unser Deutschkurs ist {{c1::international}}: Silvana kommt aus Italien, Conchi aus Spanien, Yin aus China ...",international,international,adv.,international,"Our German course is international: Silvana comes from Italy, Conchi from Spain, Yin from China ...",A1,
427,Das findest du im {{c1::Internet}}. ,Internet,das Internet,n. N.,Internet,You can find that on the Internet. ,A1,
428,Sind Sie Herr Watanabe? – {{c1::Ja}}.,Ja,ja,part.,Yes,Are you Mr. Watanabe? Yes.,A1,
429,Zieh dir eine {{c1::Jacke}} an. Es ist kalt.,Jacke,die Jacke,n. F.,Jacket,Put on a jacket. It's cold.,A1,
430,Blumen kannst du in {{c1::jedem}} Bahnhof kaufen.,jedem,jed-,det.,each,You can buy flowers at any station.,A1,
431,{{c1::Jetzt}} machen wir eine Pause.,jetzt,jetzt,adv.,now,Now we'll take a break.,A1,
432,Jenny hat einen neuen {{c1::Job}} bei der Post.,Job,der Job,n. M.,Job,Jenny has a new job at the post office.,A1,
433,Viele {{c1::Jugendliche}} kaufen gern ein.,Jugendliche,der Jugendliche,n. M.,teenagers,Many young people like to shop.,A1,
434,Claudia ist 21. – Was? Noch so {{c1::jung}}?,jung,jung,adv.,young,Claudia is 21. - What? Still so young?,A1,
435,Ich habe zwei Kinder. Einen {{c1::Jungen}} und ein Mädchen. ,Jungen,der Junge,n. M.,boys,I have two children. A boy and a girl. ,A1,
436,Zum Frühstück trinke ich immer {{c1::Kaffee}}.,Kaffee,der Kaffee,n. M.,coffee,I always have coffee for breakfast.,A1,
437,Das Glas war teuer. Es geht sehr leicht {{c1::kaputt}}.,kaputt,kaputt,adv.,broken,The glass was expensive. It breaks very easily.,A1,
438,Ich schreibe meinen Bekannten eine {{c1::Karte}} aus dem Urlaub.,Karte,die Karte,n. F.,Map,I write a card to my acquaintances from vacation.,A1,
439,Wollen wir {{c1::Karten}} spielen?,Karten,die Karte,n. F.,Cards,Shall we play cards?,A1,
440,"Ich möchte auch etwas essen. Bringen Sie mir die {{c1::Karte}}, bitte.",Karte,die Karte,n. F.,Card,"I would like to eat something too. Bring me the card, please.",A1,
441,Kann ich auch mit {{c1::Karte}} zahlen?,Karte,die Karte,n. F.,Card,Can I pay with a card?,A1,
442,Für Pommes frites braucht man {{c1::Kartoffeln}}.,Kartoffeln,die Kartoffel,n. F.,Potatoes,For French fries you need potatoes.,A1,
443,Zahlen Sie bitte an der {{c1::Kasse}}.,Kasse,die Kasse,n. F.,cash desk,"Pay at the cash register, please.",A1,
444,Tim {{c1::kauft}} sich ein neues Auto.,kauft,kaufen ,v.,buys,Tim is buying a new car.,A1,
445,Es gibt {{c1::keine}} Eintrittskarten mehr.,keine,kein ,det.,none,There are no more tickets.,A1,
446,"{{c1::Kennen}} Sie diese Frau? – Nein, leider nicht.",Kennen,kennen,v.,Know,"Do you know this woman? No, unfortunately not.",A1,
447,Wir sind neu hier. Wir möchten Sie {{c1::kennenlernen}}.,kennenlernen,kennenlernen,v.,get to know,We are new here. We'd like to get to know you.,A1,
448,Wie viele {{c1::Kinder}} haben Sie?,Kinder,das Kinder,n. N.,Children,How many children do you have?,A1,
449,Die kleine Laura geht schon in den {{c1::Kindergarten}}.,Kindergarten,der Kindergarten ,n. M.,kindergarten,Little Laura already goes to kindergarten.,A1,
450,Wir sehen heute Abend im {{c1::Kino}} einen schönen Film.,Kino,das Kino ,n. N.,cinema,We're going to see a nice movie at the cinema tonight.,A1,
451,"Am {{c1::Kiosk}} bekommen Sie Getränke, Zigaretten und Zeitungen.",Kiosk,der Kiosk ,n. M.,Kiosk,"At the kiosk you can get drinks, cigarettes and newspapers.",A1,
452,Kommst du mit? – {{c1::Klar}}!,Klar,klar,adv.,Clear,Are you coming? - Sure.,A1,
453,In unserer {{c1::Klasse}} sind fünfundzwanzig Schüler.,Klasse,die Klasse,n. F.,Class,There are twenty-five students in our class.,A1,
454,Im Zug fahre ich immer 2. {{c1::Klasse}}.,Klasse,die Klasse,n. F.,Class,I always travel 2nd class on the train.,A1,
455,"Wo finde ich {{c1::Kleidung}}? – Jacken im ersten, Jeans im zweiten Stock.",Kleidung,die Kleidung,n. F.,clothes,"Where can I find clothes? - Jackets on the second floor, jeans on the second.",A1,
456,Eltville ist eine {{c1::kleine}} Stadt am Rhein.,kleine,klein,adj.,small,Eltville is a small town on the Rhine.,A1,
457,Herr Georgi kann gut {{c1::kochen}}.,kochen,kochen,v.,cook,Mr. Georgi is a good cook.,A1,
458,Ist das Ihr {{c1::Koffer}}?,Koffer,der Koffer,n. M.,suitcase,Is that your suitcase?,A1,
459,Wie heißt die neue {{c1::Kollegin}}?,Kollegin,der Kollege ,n. M.,colleague,What's the name of the new colleague?,A1,
460,Woher {{c1::kommen}} Sie? – Aus Frankreich.,kommen,kommen ,v.,come,Where are you from? - From France.,A1,
461,{{c1::Kommst}} du mit ins Schwimmbad?,Kommst,kommen ,v.,Come,Are you coming to the swimming pool?,A1,
462,Ich {{c1::kann}} Deutsch und Russisch.,kann,können ,aux.,can,I know German and Russian.,A1,
463,{{c1::Können}} Sie mir helfen?,Können,können ,aux.,Can,Can you help me?,A1,
464,Das Geld überweisen wir am ersten März auf Ihr {{c1::Konto}}.,Konto,das Konto ,n. N.,Account,We will transfer the money to your account on the first of March.,A1,
465,Mein {{c1::Kopf}} tut weh!,Kopf,der Kopf,n. M.,Head,My head hurts!,A1,
466,Wie viel {{c1::kostet}} das? – 10 Euro.,kostet,kosten,v.,costs,How much is it? - 10 euros.,A1,
467,"Ich kann heute nicht zur Arbeit kommen, ich bin {{c1::krank}} und liege im Bett.",krank,krank,adv.,sick,"I can't come to work today, I'm sick and in bed.",A1,
468,Ich {{c1::kriege}} 15 Euro in der Stunde für meine Arbeit.,kriege,kriegen,v.,get,I get 15 euros an hour for my work.,A1,
469,Der neue Herd kommt in die {{c1::Küche}}.,Küche,die Küche,n. F.,Kitchen,The new stove goes in the kitchen.,A1,
470,Ich nehme ein Stück {{c1::Kuchen}}. ,Kuchen,der Kuchen,n. M.,Cake,I'll have a piece of cake. ,A1,
471,Hast du einen {{c1::Kugelschreiber}} für mich?,Kugelschreiber,der Kugelschreiber ,n. M.,pen,Do you have a pen for me?,A1,
472,"Haben wir noch Milch? – Ja, im {{c1::Kühlschrank}}.",Kühlschrank,der Kühlschrank ,n. M.,fridge,"Do we still have milk? Yes, in the fridge.",A1,
473,Ich bin {{c1::kulturell}} interessiert. Ich gehe oft ins Museum.,kulturell,kulturell,adv.,cultural,I am culturally interested. I often go to the museum.,A1,
474,Jede Mutter {{c1::kümmert}} {{c1::sich}} um ihre kleinen Kinder.,kümmert sich,sich kümmern ,v. ,cares,Every mother takes care of her little children.,A1,
475,"Einen Moment, bitte. Ich habe eine {{c1::Kundin}}.",Kundin,der Kunde,n. M.,customer,"One moment, please. I have a customer.",A1,
476,Der {{c1::Deutschkurs}} geht bis zum Sommer.,Deutschkurs,der Kurs,n. M.,German course,The German course goes until summer.,A1,
477,Ricardo hat {{c1::kurzes}} Haar. ,kurzes,kurz,adj.,short,Ricardo has short hair. ,A1,
478,Die Kinder {{c1::lachen}} viel.,lachen,lachen,v.,laugh,The children laugh a lot.,A1,
479,Im {{c1::Buchladen}} können Sie Bücher kaufen.,Buchladen,"der Laden, -ä",n. M.,bookstore,You can buy books in the bookstore.,A1,
480,Italien ist ein schönes {{c1::Land}}.,Land,"das Land, -ä, er",n. N.,country,Italy is a beautiful country.,A1,
481,Die Jeans ist zu {{c1::lang}}.,lang,lang,adv.,long,The jeans are too long.,A1,
482,Wie {{c1::lange}} fährt der Zug von Hamburg nach Berlin?,lange,lange,adv.,long,How long does the train take from Hamburg to Berlin?,A1,
483,Könnten Sie bitte etwas {{c1::langsamer}} sprechen?,langsamer,langsam,adv.,slower,Could you please speak a little slower?,A1,
484,"Ich möchte nicht Auto fahren, ich möchte {{c1::laufen}}.",laufen,laufen,v.,run,"I don't want to drive, I want to walk.",A1,
485,Nicht so {{c1::laut}}! Das Baby schläft.,laut,laut,adv.,loud,Not so loud! The baby is sleeping.,A1,
486,Sie {{c1::lebt}} bei ihrer Schwester.,lebt,leben ,v.,lives,She lives with her sister.,A1,
487,Ihre Eltern {{c1::leben}} nicht mehr.,leben,leben ,v.,life,Her parents are no longer alive.,A1,
488,Das {{c1::Leben}} in diesem Land ist teuer.,Leben,das Leben,n. N.,Life,Life in this country is expensive.,A1,
489,{{c1::Lebensmittel}} bekommen Sie im Supermarkt.,Lebensmittel,die Lebensmittel,n. F.,Food,You can get food at the supermarket.,A1,
490,Sind Sie verheiratet? – Nein. {{c1::Ledig}}.,Ledig,ledig,adv.,Single,Are you married? - No. Single.,A1,
491,{{c1::Legen}} Sie das Buch auf den Tisch.,Legen,legen,v.,Lay,Put the book on the table.,A1,
492,Unsere Deutschlehrerin heißt Frau Müller.,Duetschlehrerin,der Lehrer,n. M.,Duet teacher,Our German teacher's name is Frau Müller.,A1,
493,Der Koffer ist {{c1::leicht}}. ,leicht,leicht,adv.,easy,The case is light. ,A1,
494,Deutsch ist nicht {{c1::leicht}}.,leicht,leicht,adv.,easy,German is not easy.,A1,
495,{{c1::Leider}} kann ich nicht kommen. Ich muss zum Arzt.,Leider,leider,adv.,Unfortunately,"Unfortunately, I can't come. I have to go to the doctor.",A1,
496,Seid {{c1::leise}}. Die anderen schlafen schon.,leise,leise,adv.,soft,Be quiet. The others are already asleep.,A1,
497,Wie lange {{c1::lernen}} Sie schon Deutsch?,lernen,lernen,v.,learn,How long have you been learning German?,A1,
498,Ich {{c1::lese}} ein Buch von García Márquez.,lese,lesen,v.,read,I'm reading a book by García Márquez.,A1,
499,Morgen ist der {{c1::letzte}} Kurstag.,letzte,letzt-,adj.,last,Tomorrow is the last day of class.,A1,
500,In der Disko sind viele {{c1::Leute}}.,Leute,die Leute,n. F.,people,There are many people in the disco.,A1,
501,Wo macht man hier das {{c1::Licht}} an?,Licht,das Licht ,n. N.,light,Where do you turn on the light here?,A1,
502,"Liebe Susanne, {{c1::lieber}} Hans,",lieber,lieb-,adv.,dear,"Dear Susanne, dear Hans,",A1,
503,Ich {{c1::liebe}} dich!,liebe,lieben,v.,love,I love you!,A1,
504,Sie fährt {{c1::lieber}} mit der Bahn.,lieber,lieber,adv.,prefer,She prefers to go by train.,A1,
505,Mein {{c1::Lieblingsfilm}} ist „Schwarze Augen“.,Lieblingsfilm,Lieblings-,n.,favorite movie,"My favorite movie is ""Black Eyes"".",A1,
506,Welches ist dein {{c1::Lieblingslied}}?,Lieblingslied,das Lied,n. N.,favorite song,What is your favorite song?,A1,
507,Um neun Uhr {{c1::liegt}} Judith noch im Bett.,liegt,liegen ,v.,lies,At nine o'clock Judith is still in bed.,A1,
508,Frankfurt {{c1::liegt}} am Main.,liegt,liegen,v.,lies,Frankfurt is on the Main.,A1,
509,Gehen Sie die nächste Straße {{c1::links}}.,links,links,adv.,left,Take the next left.,A1,
510,Dieser {{c1::Lastkraftwagen}} ist sehr groß.,Lastkraftwagen,der Lkw,n. M.,Truck,This truck is very big.,A1,
511,In unserer Straße gibt es ein neues {{c1::Lokal}}.,Lokal,das Lokal,n. N.,Local,There is a new restaurant on our street.,A1,
512,Die {{c1::Lösung}} ist ganz einfach.,Lösung,die Lösung,n. F.,solution,The solution is quite simple.,A1,
513,Frau Mertens ist {{c1::lustig}}. Sie lacht immer. ,lustig,lustig,adv.,funny,Mrs. Mertens is funny. She is always laughing. ,A1,
514,Was {{c1::machst}} du heute Abend?,machst,machen,v.,make,What are you doing tonight?,A1,
515,Ich muss jetzt das Essen {{c1::machen}}. ,machen,machen,v.,make,I have to make dinner now. ,A1,
516,Das {{c1::macht}} 5 Euro 95.,macht,machen,v.,makes,That'll be 5 euros 95.,A1,
517,Das {{c1::macht}} nichts.,macht,machen,v.,makes,It doesn't matter.,A1,
518,Familie Kurz bekommt ein Baby. – Junge oder {{c1::Mädchen}}?,Mädchen,das Mädchen,n. N.,girl,The Kurz family is having a baby. - Boy or girl?,A1,
519,Hier darf {{c1::man}} nicht rauchen.,man,man,pron.,man,You can't smoke here.,A1,
520,Mein {{c1::Mann}} arbeitet bei der Polizei.,Mann,der Mann,n. M.,man,My husband works for the police.,A1,
521,Kreuzen Sie bitte an: „weiblich“ oder „{{c1::männlich}}“.,männlich,männlich,adv.,male,"Please mark with a cross: ""female"" or ""male"".",A1,
522,Die Waschmaschine ist günstig.,Waschmasschine,die Maschine,n. F.,washing machine,The washing machine is cheap.,A1,
523,Wir machen Urlaub am {{c1::Meer}}.,Meer,das Meer,n. N.,sea,We are going on vacation to the sea.,A1,
524,Dieses Auto kostet 1.000 Euro {{c1::mehr}} als das andere.,mehr,mehr,pron.,more,"This car costs 1,000 euros more than the other.",A1,
525,{{c1::Mein}} Vater ist Arzt.,Mein,mein,det.,My,My father is a doctor.,A1,
526,Die {{c1::meisten}} Norddeutschen sind sehr groß.,meisten,meist-,det.,most,Most northern Germans are very tall.,A1,
527,Die {{c1::Menschen}} sind hier anders als bei uns.,Menschen,der Mensch,n. M.,people,People here are different from us.,A1,
528,Ich möchte ein Auto {{c1::mieten}}.,mieten,mieten,v.,rent,I want to rent a car.,A1,
529,Die {{c1::Miete}} für diese Wohnung ist 600 Euro.,Miete,die Miete,n. F.,Rent,The rent for this apartment is 600 euros.,A1,
530,Die {{c1::Milch}} steht im Kühlschrank.,Milch,die Milch,n. F.,Milk,The milk is in the refrigerator.,A1,
531,Trinken Sie den Kaffee {{c1::mit}} Milch?,mit,mit,prep.,with,Do you drink the coffee with milk?,A1,
532,Ich gehe einkaufen. Soll ich dir was {{c1::mitbringen}}?,mitbringen,mitbringen,v.,bring,I'm going shopping. Do you want me to bring you something?,A1,
533,Ich gehe ins Kino. {{c1::Kommst}} du {{c1::mit}}?,Kommst mit,mitkommen,v.,Come with,I'm going to the movies. Are you coming?,A1,
534,Warum {{c1::macht}} ihr nicht {{c1::mit}}?,macht mit,mitmachen,v.,Join in,Why don't you join me?,A1,
535,{{c1::Nehmen}} wir meine Schwester ins Kino {{c1::mit}}?,Nehmen mit,mitnehmen,v.,Take with,Are we taking my sister to the movies?,A1,
536,Der Lehrer steht in der {{c1::Mitte}} des Klassenzimmers.,Mitte,die Mitte,n. F.,center,The teacher is standing in the middle of the classroom.,A1,
537,Sind die {{c1::Möbel}} neu?,Möbel,die Möbel,n. F.,furniture,Is the furniture new?,A1,
538,Was {{c1::möchten}} Sie trinken?,möchten,möchten,aux.,would like,What would you like to drink?,A1,
539,{{c1::Magst}} du Kaffee oder Tee?,Magst,mögen,adj.,Like,Do you like coffee or tea?,A1,
540,Mit dieser Fahrkarte ist die Fahrt ab 9 Uhr {{c1::möglich}}.,möglich,möglich,adv.,possible,With this ticket you can go from 9 o'clock.,A1,
541,{{c1::Moment}} mal bitte!,Moment,der Moment,n. M.,Moment,One moment please!,A1,
542,Einen {{c1::Moment}} bitte.,Moment,der Moment,n. M.,Moment,One moment please.,A1,
543,{{c1::Morgen}} beginnt die Schule um 10 Uhr.,Morgen,morgen,adv.,morning,Tomorrow school starts at 10 o'clock.,A1,
544,Ich bin {{c1::müde}}. Ich gehe schlafen.,müde,müde,adv.,tired,I'm tired. I'm going to sleep.,A1,
545,Öffnen Sie den {{c1::Mund}}.,Mund,der Mund,n. M.,mouth,Open your mouth.,A1,
546,Ich {{c1::muss}} jeden Tag von 8 Uhr bis 18 Uhr arbeiten.,muss,müssen,aux.,must,I have to work from 8 a.m. to 6 p.m. every day.,A1,
547,Frau Berghäuser ist die {{c1::Mutter}} von Michaela. ,Mutter,die Mutter,n. F.,mother,Mrs. Berghäuser is Michaela's mother. ,A1,
548,Ich gehe jetzt {{c1::nach}} Hause.,nach,nach,prep.,after,I'm going home now.,A1,
549,Ich fliege {{c1::nach}} München.,nach,nach,prep.,after,I'm flying to Munich.,A1,
550,Es ist schon 5 {{c1::nach}} 12.,nach,nach,prep.,after,It's already 5 past 12.,A1,
551,Sehen wir uns {{c1::nächste}} Woche?,nächste,nächst-,adj.,next,Will I see you next week?,A1,
552,Mein {{c1::Name}} ist Thomas Schmidt.,Name,der Name,n. M.,Name,My name is Thomas Schmidt.,A1,
553,Mein {{c1::Vorname}} ist Thomas; Schmidt ist der Familienname.,Vorname,der Vorname,n. M.,first name,My first name is Thomas; Schmidt is the family name.,A1,
554,Heute gibt es Hähnchen. Das {{c1::nehme}} ich. ,nehme,nehmen,v.,take,We're having chicken today. I'll take that. ,A1,
555,Ich {{c1::nehme}} den Bus.,nehme,nehmen,v.,take,I'll take the bus.,A1,
556,"Fährst du auch nach München? – {{c1::Nein}}, ich habe keine Zeit.",Nein,nein,part.,No,"Are you going to Munich, too? - No, I don't have time.",A1,
557,Ich bin der {{c1::neue}} Kollege.,neue,neu,adj.,new,I'm the new colleague.,A1,
558,Wir haben eine {{c1::neue}} Wohnung.,neue,neu,adj.,new,We have a new apartment.,A1,
559,Das stimmt {{c1::nicht}}.,nicht,nicht,part.,not,That's not true.,A1,
560,"Das ist doch schön, {{c1::nicht}}?",nicht,nicht,part.,not,"That's nice, isn't it?",A1,
561,Das macht {{c1::nichts}}.,nichts,nichts,pron.,nothing,It doesn't matter.,A1,
562,Hier kaufe ich {{c1::nichts}}. Der Laden gefällt mir nicht.,nichts,nichts,pron.,nothing,I don't buy anything here. I don't like this place.,A1,
563,Er kommt {{c1::nie}} pünktlich. ,nie,nie,adv.,never,He never comes on time. ,A1,
564,Vielleicht kommt er {{c1::noch}}.,noch,noch,adv.,nor,Maybe he will.,A1,
565,Wir warten {{c1::noch}} fünf Minuten.,noch,noch,adv.,nor,We'll wait another five minutes.,A1,
566,Ich habe {{c1::noch}} 20 Euro.,noch,noch,adv.,nor,I still have 20 euros.,A1,
567,75 kg. Sein Gewicht ist {{c1::normal}}.,normal,normal,adv.,normal,Seventy-five kilos. His weight is normal.,A1,
568,Sie haben Zimmer {{c1::Nummer}} zwölf.,Nummer,die Nummer,n. F.,Number,You have room number twelve.,A1,
569,Welche {{c1::Hausnummer}} haben Sie?,Hausnummer,die Nummer,n. F.,House number,What's your number?,A1,
570,Können Sie mir Ihre {{c1::Nummer}} geben?,Nummer,die Nummer,n. F.,number,Can you give me your number?,A1,
571,Ich möchte {{c1::nur}} ein Glas Wasser. ,nur,nur,adv.,only,I just want a glass of water. ,A1,
572,Ich wohne {{c1::oben}}.,oben,oben,adv.,top,I live upstairs.,A1,
573,Im Sommer ist das {{c1::Obst}} billig.,Obst,das Obst,n. N.,Fruit,Fruit is cheap in the summer.,A1,
574,Wann können Sie kommen – heute {{c1::oder}} morgen?,oder,oder,conj.,or,When can you come - today or tomorrow?,A1,
575,Ich {{c1::öffne}} die Tür.,öffne,öffnen,v.,open,I'll open the door.,A1,
576,Der Laden ist samstags bis 16.00 Uhr {{c1::geöffnet}}.,geöffnet,geöffnet,v.,open,The store is open until 4 p.m. on Saturdays.,A1,
577,Petra treffe ich {{c1::oft}}.,oft,oft,adv.,Often,I often meet Petra.,A1,
578,{{c1::Ohne}} Geld kann er nichts kaufen.,Ohne,ohne,prep.,Without,He can't buy anything without money.,A1,
579,Den Salat machen wir ohne {{c1::Öl}}.,Öl,das Öl,n. N.,Oil,We make the salad without oil.,A1,
580,Meine {{c1::Oma}} ist schon tot.,Oma,die Oma,n. F.,Grandma,My grandma is already dead.,A1,
581,Mein {{c1::Opa}} heißt Hans.,Opa,der Opa,n. M.,Grandpa,My grandpa's name is Hans.,A1,
582,Das ist in {{c1::Ordnung}}.,Ordnung,die Ordnung,n. F.,Order,That's all right.,A1,
583,Der {{c1::Ort}} liegt am Meer. ,Ort,der Ort,n. M.,Place,The place is by the sea. ,A1,
584,Hier sind {{c1::Papier}} und Bleistift.,Papier,das Papier,n. N.,Paper,Here are paper and pencil.,A1,
585,Haben Sie Ihre {{c1::Papiere}} dabei? ,Papiere,die Papiere,n. F.,papers,Do you have your papers with you? ,A1,
586,Sie ist meine {{c1::Partnerin}}.,Partnerin,die Partnerin,n. F.,Partner,She's my partner.,A1,
587,Heute Abend machen wir eine {{c1::Party}}.,Party,die Party,n. F.,Party,Tonight we'll have a party.,A1,
588,Im Hotel brauchst du deinen {{c1::Pass}}.,Pass,der Pass,n. M.,Passport,At the hotel you need your passport.,A1,
589,Von 12.00 bis 12.30 Uhr haben wir {{c1::Mittagspause}}.,Mittagspause,die Pause,n. F.,Lunch break,From 12:00 to 12:30 we have lunch break.,A1,
590,Ich kaufe mir einen {{c1::Stadtplan}}.,Stadtplan,der Plan,n. M.,City map,I'll buy a map of the city.,A1,
591,"Tut mir leid, der {{c1::Platz}} ist besetzt.",Platz,der Platz,n. M.,Place,"Sorry, this seat is taken.",A1,
592,Bitte nehmen Sie {{c1::Platz}}!,Platz,der Platz,n. M.,Square,Please sit down!,A1,
593,Holen Sie die {{c1::Polizei}}!,Polizei,die Polizei,n. F.,Police,Call the police!,A1,
594,Die Kinder essen Hähnchen mit {{c1::Pommes}} {{c1::frites}}.,Pommes frites,die Pommes frites,n. Pl.,French fries,The kids are having chicken and chips.,A1,
595,"Wo ist die {{c1::Post}}, bitte?",Post,die Post,n. F.,Mail,"Where's the post office, please?",A1,
596,Ist {{c1::Post}} da?,Post,die Post,n. F.,Post office,Is there any mail?,A1,
597,Wie ist Ihre {{c1::Postleitzahl}}?,Postleitzahl,die Postleitzahl,n. F.,Zip code,What's your zip code?,A1,
598,Ich mache ein {{c1::Praktikum}} bei Siemens.,Praktikum,das Praktikum,n. N.,Internship,I'm doing an internship at Siemens.,A1,
599,Die {{c1::Praxis}} ist ab acht Uhr geöffnet.,Praxis,die Praxis,n. F.,Practice,The office is open from eight o'clock.,A1,
600,Die {{c1::Preise}} sind hoch. ,Preise,der Preis,n. M.,Prices,The prices are high.,A1,
601,Mein {{c1::Problem}} ist die Sprache.,Problem,das Problem,n. N.,Problem,My problem is the language.,A1,
602,Bitte schicken Sie mir einen {{c1::Prospekt}} von Ihrem Hotel.,Prospekt,der prospekt,n. M.,Prospect,Please send me a brochure of your hotel.,A1,
603,Die {{c1::Prüfung}} ist am Montag um 8.00 Uhr.,Prüfung,die Prüfung,n. F.,exam,The exam is on Monday at 8:00.,A1,
604,Der Bus fährt {{c1::pünktlich}} um acht Uhr.,pünktlich,pünktlich,adv.,on time,The bus leaves at eight o'clock sharp.,A1,
605,Herr Müller ist immer {{c1::pünktlich}}. ,pünktlich,pünktlich,adv.,on time,Mr. Müller is always on time. ,A1,
606,Das Kind kann schon {{c1::Rad}} {{c1::fahren}}.,Rad fahren,Rad fahren,,ride a bike,The child can already ride a bike.,A1,
607,Ich {{c1::rauche}} nicht.,rauche,rauchen,v.,smoke,I don't smoke.,A1,
608,Der Unterricht ist in {{c1::Raum}} 332.,Raum,der Raum,n. M.,room,Class is in room 332.,A1,
609,"Die {{c1::Rechnung}}, bitte. ",Rechnung,die Rechnung,n. F.,bill,"The bill, please. ",A1,
610,Die Schillerstraße ist hier {{c1::rechts}}.,rechts,rechts,adv.,right,Schillerstrasse is on the right here.,A1,
611,Heute {{c1::regnet}} es.,regnet,regnen,v.,rain,It's raining today.,A1,
612,Bei diesem {{c1::Regen}} gehe ich nicht raus.,Regen,der Regen,n. M.,rain,I don't go out in this rain.,A1,
613,Ich esse gern {{c1::Reis}}.,Reis,der Reis,n. M.,rice,I like eating rice.,A1,
614,Ich {{c1::reise}} gern.,reise,reisen,v.,travel,I like to travel.,A1,
615,Wir machen eine {{c1::Reise}} nach Österreich.,Reise,die Reise,n. F.,travel,We are going on a trip to Austria.,A1,
616,Mein Mann arbeitet im {{c1::Reisebüro}}.,Reisebüro,das Reisebüro,n. N.,travel agency,My husband works in a travel agency.,A1,
617,Ich kaufe mir einen {{c1::Reiseführer}} von Berlin.,Reiseführer,der Reiseführer,n. M.,travel guide,I'm going to buy a travel guide of Berlin.,A1,
618,Unser Reiseführer heißt Peter.,Reisefürher,der Reiseführer,n. M.,travel guide,Our guide's name is Peter.,A1,
619,Er hat das Fahrrad {{c1::repariert}}.,repariert,reparieren,v.,repair,He fixed the bicycle.,A1,
620,Die {{c1::Reparatur}} ist sehr teuer.,Reparatur,die Reparatur,n. F.,repair,The repair is very expensive.,A1,
621,Wir essen heute in einem {{c1::Restaurant}}.,Restaurant,das Restaurant,n. N.,restaurant,We are going to eat in a restaurant today.,A1,
622,Fragen Sie bitte im Hotel an der {{c1::Rezeption}}.,Rezeption,dei Rezeption,n.,reception,Please ask at the reception desk in the hotel.,A1,
623,Habe ich das {{c1::richtig}} verstanden?,richtig,richtig,adv.,correct,Did I understand that correctly?,A1,
624,Das ist {{c1::richtig}}.,richtig,richtig,adv.,correct,That's right.,A1,
625,Dieser Wein {{c1::riecht}} gut.,riecht,riechen,v.,smells,This wine smells good.,A1,
626,Ich möchte ein {{c1::ruhiges}} Zimmer. ,ruhiges,ruhig,adj.,quiet,I would like a quiet room. ,A1,
627,Möchtest du einen {{c1::Apfelsaft}}?,Apfelsaft,der Saft,n. M.,Apple juice,Would you like an apple juice?,A1,
628,"{{c1::Sag}} mal, wie geht es dir denn?",Sag,sagen,v.,Say,"Say, how are you?",A1,
629,Wie schmeckt dir der {{c1::Salat}}?,Salat,der Salat,n. M.,lettuce,How do you like the salad?,A1,
630,"Herr Ober, kann ich bitte {{c1::Salz}} haben?",Salz,das Salz,n. N.,Salt,"Waiter, can I have salt, please?",A1,
631,Dieser {{c1::Satz}} ist sehr einfach. ,Satz,der Satz,n. M.,Set,This sentence is very simple. ,A1,
632,Ich nehme lieber die {{c1::S-Bahn}}.,S-Bahn,die S-Bahn,n. F.,Suburban train,I'd rather take the S-Bahn.,A1,
633,Gehen Sie bitte zum {{c1::Schalter}} drei!,Schalter,der Schalter,n. M.,Switch,Please go to counter three!,A1,
634,Die Sonne {{c1::scheint}}.,scheint,scheinen,v.,seems,The sun is shining.,A1,
635,Bitte {{c1::schicken}} Sie mir eine E-Mail.,schicken,schicken,v.,fancy,Please send me an e-mail.,A1,
636,Haben Sie nicht das {{c1::Schild}} gesehen?,Schild,das Schild,n. N.,Sign,Didn't you see the sign?,A1,
637,Ich möchte gern ein {{c1::Schinkenbrot}}.,Schinkenbrot,das Schinkenbrot,n. prop.,ham bread,I would like a ham sandwich.,A1,
638,Ich {{c1::schlafe}} meistens acht Stunden.,schlafe,schlafen,v.,sleep,I usually sleep eight hours.,A1,
639,Mir ist {{c1::schlecht}}!,schlecht,schlecht,adv.,bad,I feel sick!,A1,
640,Sie sehen {{c1::schlecht}} aus.,schlecht,schlecht,adv.,bad,You look bad.,A1,
641,Wir haben {{c1::schlechtes}} Wetter.,schlechtes,schlecht,adj.,bad,We're having bad weather.,A1,
642,"Bitte, {{c1::schließen}} Sie die Tür.",schließen,schließen,v.,close,"Please, close the door.",A1,
643,Die Bank hat am Samstag {{c1::geschlossen}}.,geschlossen,geschließen,v.,closed,The bank is closed on Saturday.,A1,
644,Ich muss jetzt {{c1::Schluss}} machen.,Schluss,der Schluss,n. M.,close,I have to close now.,A1,
645,Zum {{c1::Schluss}} gibt er uns allen die Hand.,Schluss,der Schluss,n. M.,close,"Finally, he shakes hands with all of us.",A1,
646,Ich gebe Ihnen noch den Zimmerschlüssel.,Schlüssel,der Schlüssel,n. M.,Key,I'll give you the room key.,A1,
647,{{c1::Schmeckt}} das gut?,Schmeckt,schmecken,v.,Tastes,Does it taste good?,A1,
648,Er fährt {{c1::schnell}}.,schnell,schnell,adv.,fast,He's going fast.,A1,
649,Ist das Essen {{c1::schon}} fertig?,schon,schon,adv.,already,Is dinner ready yet?,A1,
650,{{c1::Schönen}} Urlaub!,Schönen,schön,adj.,Beautiful,Have a nice vacation!,A1,
651,Das ist sehr {{c1::schön}}.,schön,schön,adv.,beautiful,It's very nice.,A1,
652,Die Gläser stehen im {{c1::Schrank}}.,Schrank,der Schrank,n. M.,Cabinet,The glasses are in the cupboard.,A1,
653,Er {{c1::schreibt}} jeden Tag fünfzig E-Mails. ,schreibt,schreiben,v.,writes,He writes fifty emails every day. ,A1,
654,Zieh die {{c1::Schuhe}} aus!,Schuhe,der Schuh,n. M.,Shoes,Take off your shoes!,A1,
655,Meine Tochter geht schon in die {{c1::Schule}}.,Schule,die Schule,n. F.,School,My daughter already goes to school.,A1,
656,Die {{c1::Schule}} ist gleich hier um die Ecke.,Schule,die Schule,n. F.,School,The school is just around the corner.,A1,
657,In meinem Kurs sind acht Schülerinnen und fünf {{c1::Schüler}}.,Schüler,der Schüler,n. M.,pupil,There are eight students and five students in my class.,A1,
658,Ist Ihr Gepäck sehr {{c1::schwer}}?,schwer,schwer,adv.,heavy,Is your luggage very heavy?,A1,
659,Das ist eine {{c1::schwere}} Arbeit.,schwere,schwer,adj.,heavy,It's heavy work.,A1,
660,Meine {{c1::Schwester}} kommt am Dienstag.,Schwester,die Schwester,n. F.,sister,My sister is coming on Tuesday.,A1,
661,Ich {{c1::schwimme}} jeden Tag einen Kilometer.,schwimme,schwimmen,v.,swim,I swim a kilometer every day.,A1,
662,Kommst du mit ins {{c1::Schwimmbad}}?,Schwimmbad,das Schwimmbad,n. N.,swimming pool,Are you coming to the swimming pool?,A1,
663,"Komm, wir fahren zum Starnberger {{c1::See}}.",See,der See,n. M.,lake,"Come on, we'll go to Lake Starnberg.",A1,
664,Ich kann dich nicht {{c1::sehen}}.,sehen,sehen,v.,see,I can't see you.,A1,
665,Ich habe diesen Jungen schon einmal {{c1::gesehen}}. ,gesehen,sehen,v.,seen,I've seen this boy before. ,A1,
666,Welche Sehenswürdigkeiten gibt es in Frankfurt? ,Sehenswürdigkeit,die Sehenswürdigkeit,n. F.,sight,What sights are there in Frankfurt? ,A1,
667,Danke {{c1::sehr}}!,sehr,sehr,adv.,very,Thank you very much!,A1,
668,Das ist {{c1::sehr}} schwer.,sehr,sehr,adv.,very,That's very difficult.,A1,
669,Herr Müller {{c1::ist}} in seinem Zimmer.,ist,sein,aux.,is,Mr. Müller is in his room.,A1,
670,Mir {{c1::ist}} kalt.,ist,sein,aux.,is,I'm cold.,A1,
671,Ich {{c1::bin}} dreiundzwanzig.,bin,sein,aux.,am,I'm twenty-three.,A1,
672,Das Licht {{c1::ist}} noch {{c1::an}}.,ist an,an sein,v.,is on,The light is still on.,A1,
673,Das Fenster {{c1::ist}} noch {{c1::auf}}.,ist auf,auf sein,v.,is on,The window is still open.,A1,
674,Herr Meier {{c1::ist}} schon {{c1::weg}}.,ist weg,weg sein,v.,is away,Mr. Meier has already left.,A1,
675,Die Tür {{c1::ist}} {{c1::zu}}.,ist zu,zu sein,v.,is closed,The door is closed.,A1,
676,Ich wohne {{c1::seit}} drei Jahren in Köln.,seit,seit,prep.,since,I've lived in Cologne for three years.,A1,
677,Er ist {{c1::selbstständig}}.,selbstständig,selbständig,adv.,independently,He's self-employed.,A1,
678,Sie müssen {{c1::sich}} erst anmelden.,sich,sich,pron.,itself,You have to register first.,A1,
679,Wie heißt {{c1::sie}}?,sie,sie,pron.,she,What's her name?,A1,
680,"Wie heißen {{c1::Sie}}, bitte?",Sie,Sie,pron.,you,"What's your name, please?",A1,
681,Wo {{c1::sitzen}} Sie?,sitzen,sitzen,v.,sit,Where do you sit?,A1,
682,Sie müssen das {{c1::so}} machen!,so,so,adv.,so,You have to do it like this!,A1,
683,Fahren Sie bitte nicht {{c1::so}} schnell!,so,so,adv.,so,Please don't drive so fast!,A1,
684,Meine Frau ist {{c1::so}} groß wie ich.,so,so,adv.,so,My wife is as tall as me.,A1,
685,"{{c1::So}}, das war‘s/wär‘s!",So,so,adv.,So,"So, that's it/what's up!",A1,
686,Das {{c1::Sofa}} ist neu.,Sofa,das Sofa,n. N.,Sofa,The sofa is new.,A1,
687,Bitte antworten Sie {{c1::sofort}}.,sofort,sofort,adv.,immediately,Please answer immediately.,A1,
688,"Das ist Hans, mein {{c1::Sohn}}.",Sohn,der Sohn,n. M.,Son,"This is Hans, my son.",A1,
689,{{c1::Soll}} ich kommen?,Soll,sollen,aux.,Shall,Shall I come?,A1,
690,Was {{c1::soll}} ich mitbringen?,soll,sollen,aux.,shall,What should I bring?,A1,
691,Die {{c1::Sonne}} scheint.,Sonne,die Sonne,n. F.,Sun,The sun is shining.,A1,
692,"Es ist schon {{c1::spät}}, ich muss gehen.",spät,spät,adv.,late,"It's late, I have to go.",A1,
693,Das können wir {{c1::später}} machen.,später,später,adv.,later,We can do it later.,A1,
694,"Bringen Sie mir die {{c1::Speisekarte}}, bitte.",Speisekarte,die Speisekarte,n. F.,menu,"Bring me the menu, please.",A1,
695,Die Kinder {{c1::spielen}} draußen.,spielen,spielen,v.,play,The children are playing outside.,A1,
696,{{c1::Spielen}} Sie Karten?,Spielen,spielen,v.,Play,Do you play cards?,A1,
697,Ich mache viel {{c1::Sport}}.,Sport,der Sport,n. M.,Sports,I do a lot of sports.,A1,
698,Welche {{c1::Sprachen}} sprichst du?,Sprachen,die Sprache,n. F.,languages,What languages do you speak?,A1,
699,Kann ich (mit) Herrn Klein {{c1::sprechen}}?,sprechen,sprechen,v.,speak,Can I speak (with) Mr. Klein?,A1,
700,Heidelberg ist eine alte {{c1::Stadt}}.,Stadt,die Stadt,n. F.,City,Heidelberg is an old city.,A1,
701,"Ich glaube es nicht, aber es {{c1::steht}} in der Zeitung.",steht,stehen,v.,stands,"I don't believe it, but it's in the newspaper.",A1,
702,Der Bus {{c1::steht}} schon an der Haltestelle.,steht,stehen,v.,stands,The bus is already at the stop.,A1,
703,Ich habe eine neue {{c1::Stelle}}. ,Stelle,die Stelle,n. F.,Place,I have a new job. ,A1,
704,{{c1::Stell}} die Tasche rechts in die Ecke!,Stell,stellen,v.,Stell,Put the bag in the corner on the right!,A1,
705,Unsere Wohnung liegt im ersten {{c1::Stock}}.,Stock,der Stock,n. M.,floor,Our apartment is on the second floor.,A1,
706,In welcher {{c1::Straße}} wohnen Sie?,Straße,die Straße,n. F.,street,What street do you live on?,A1,
707,Wo fährt die {{c1::Straßenbahn}} ab?,Straßenbahn,die Straßenbahn,n. F.,streetcar,Where does the streetcar leave from?,A1,
708,Ich {{c1::studiere}} in Mainz.,studiere,studieren,v.,study,I study in Mainz.,A1,
709,Das {{c1::Studium}} beginnt im Oktober.,Studium,das Studium,n. N.,study,My studies start in October.,A1,
710,Ich bin {{c1::Studentin}}.,Studentin,der Student,n. M.,student,I am a student.,A1,
711,Ich bin in einer {{c1::Stunde}} zurück.,Stunde,die Stunde,n. F.,hour,I'll be back in an hour.,A1,
712,{{c1::Suchst}} du etwas? ,suchst,suchen,v.,search,Are you looking for something? ,A1,
713,{{c1::Tanzen}} Sie gern?,Tanzen,tanzen,n.,dance,Do you like dancing?,A1,
714,Ich habe die Schlüssel in der {{c1::Tasche}}.,Tasche,die Tasche,n. F.,Bag,I have the keys in my pocket.,A1,
715,Es gibt heute keinen Bus mehr. Er fährt mit dem {{c1::Taxi}}.,Taxi,das Taxi,n. N.,Cab,There's no bus today. He takes a cab.,A1,
716,Ich trinke morgens immer {{c1::Tee}}.,Tee,der Tee,n. M.,Tea,I always drink tea in the morning.,A1,
717,Lies bitte auch den zweiten {{c1::Teil}}.,Teil,der Teil,n. M.,part,Please read the second part too.,A1,
718,Darf ich mal {{c1::telefonieren}}?,telefonieren,telefonieren,v.,phone,May I use the phone?,A1,
719,Haben Sie {{c1::Telefon}}?,Telefon,das Telefon,n. N.,Phone,Do you have a phone?,A1,
720,Am besten machen wir sofort einen {{c1::Termin}}.,Termin,der Termin,n. M.,Appointment,It's best to make an appointment right away.,A1,
721,Der {{c1::Test}} war einfach.,Test,der Test,n. M.,test,The test was easy.,A1,
722,Das ist mir zu {{c1::teuer}}.,teuer,teuer,adv.,expensive,It's too expensive for me.,A1,
723,Lesen Sie bitte diesen {{c1::Text}}.,Text,der Text,n. M.,Text,Please read this text.,A1,
724,Wir sprechen heute über das {{c1::Thema}} „Essen und Trinken“.,Thema,das Thema,n. N.,Theme,We're talking about food and drink today.,A1,
725,Wie viel kostet das {{c1::Ticket}}?,Ticket,das Ticket,n. N.,Ticket,How much is the ticket?,A1,
726,Die Fotos liegen auf dem {{c1::Tisch}}.,Tisch,der Tisch,n. M.,Table,The photos are on the table.,A1,
727,Das ist meine {{c1::Tochter}} Katharina.,Tochter,die Tochter,n. F.,Daughter,This is my daughter Katharina.,A1,
728,"Wo ist die {{c1::Toilette}}, bitte?",Toilette,die Toilette,n. F.,Toilet,"Where is the toilet, please?",A1,
729,Die {{c1::Tomate}} ist noch grün.,Tomate,die Tomate,n. F.,tomato,The tomato is still green.,A1,
730,Sein Vater ist schon lange {{c1::tot}}.,tot,tot,adv.,dead,His father has been dead for a long time.,A1,
731,Ich {{c1::treffe}} in der Stadt einen Kollegen.,treffe,(sich) treffen,v.,meet,I meet a colleague in the city.,A1,
732,Wir {{c1::treffen}} uns immer freitags.,treffen,(sich) treffen,v.,meet,We always meet on Fridays.,A1,
733,Die Toilette? Die {{c1::Treppe}} hoch und dann links.,Treppe,die Treppe,n. F.,stairs,The restroom? Up the stairs and to the left.,A1,
734,Möchtest du etwas {{c1::trinken}}?,trinken,trinken,v.,drink,Would you like something to drink?,A1,
735,Junge Leute sagen meistens „{{c1::tschüss}}!“ und nicht „auf Wiedersehen“.,tschüss,tschüss,n.,bye,"Young people usually say ""bye!"" and not ""goodbye.""",A1,
736,Ich habe noch etwas zu {{c1::tun}}.,tun,tun,v.,do,I have something to do.,A1,
737,Was {{c1::tut}} Ihr Mann? ,tut,tun,v.,does,What is your husband doing? ,A1,
738,Gehen Sie hier {{c1::über}} die Straße.,über,über,prep.,about,Cross the street here.,A1,
739,Er wohnt im zweiten Stock {{c1::über}} Familie Meier.,über,über,prep.,about,He lives on the second floor above the Meier family.,A1,
740,Sind Sie {{c1::über}} 18?,über,über,prep.,about,Are you over 18?,A1,
741,Du kannst bei mir {{c1::übernachten}}.,übernachten,übernachten,v.,stay over,You can stay at my place.,A1,
742,Sie können das Geld auch {{c1::überweisen}}.,überweisen,überweisen,v.,transfer,You can also transfer the money.,A1,
743,Es ist vier {{c1::Uhr}}.,Uhr,die Uhr,n. F.,clock,It's four o'clock.,A1,
744,Er kommt {{c1::um}} sieben Uhr.,um,um,prep.,at,He'll be here at seven.,A1,
745,Da kommt er gerade {{c1::um}} die Ecke.,um,um,prep.,at,He's just coming around the corner.,A1,
746,Nächsten Monat ziehen wir {{c1::um}}.,um,umziehen,prep.,at,We're moving next month.,A1,
747,Peter {{c1::und}} Helmut sind meine Söhne. ,und,und,conj.,and,Peter and Helmut are my sons. ,A1,
748,Das ist {{c1::unsere}} Lehrerin.,unsere,unser-,det.,our,This is our teacher.,A1,
749,Er wohnt ganz {{c1::unten}} im Haus.,unten,unten,adv.,below,He lives at the bottom of the house.,A1,
750,{{c1::Unter}} uns wohnt eine Familie mit drei Kindern.,unter,unter,prep.,at,Below us lives a family with three children.,A1,
751,Wir haben {{c1::Unterricht}} von 8.00 bis 12.00 Uhr.,Unterricht,der Unterricht,n. M.,Lessons,We have classes from 8:00 to 12:00.,A1,
752,Wo muss ich {{c1::unterschreiben}}?,unterschreiben,unterschreiben,v.,sign,Where do I sign?,A1,
753,Hier fehlt noch Ihre {{c1::Unterschrift}}.,Unterschrift,die Unterschrift,n. F.,Signature,Your signature is still missing here.,A1,
754,Ich nehme im September {{c1::Urlaub}}. ,Urlaub,der Urlaub,n. M.,Vacation,I'm taking a vacation in September. ,A1,
755,Mein {{c1::Vater}} ist Arbeiter.,Vater,der Vater,n. M.,father,My father is a worker.,A1,
756,Hier ist Rauchen {{c1::verboten}}.,verboten,verboten,v.,forbidden,Smoking is not allowed here.,A1,
757,Ich {{c1::verdiene}} 1.500 Euro im Monat.,verdiene,verdienen,v.,earn,"I earn 1,500 euros a month.",A1,
758,Es gibt einen neuen {{c1::Sportverein}} in der Stadt.,Sportverein,der Sportverein,n. M.,sports club,There is a new sports club in town.,A1,
759,Ich bin {{c1::verheiratet}} und habe drei Kinder.,verheiratet,verheiratet,v.,married,I am married and have three children.,A1,
760,Er {{c1::verkauft}} sein altes Auto.,verkauft,verkaufen,v.,sells,He is selling his old car.,A1,
761,Meine Mutter ist {{c1::Verkäuferin}} im Kaufhaus.,Verkäuferin,die Verkäuferin,n. F.,saleswoman,My mother is a saleswoman in a department store.,A1,
762,Die Wohnung ist schon {{c1::vermietet}}.,vermietet,vermieten,v.,rents,The apartment is already rented.,A1,
763,Unser {{c1::Vermieter}} heißt Huber. Er wohnt auch hier.,Vermieter,der Vermieter,n. M.,landlord,"Our landlord's name is Huber. He lives here, too.",A1,
764,Können Sie mich {{c1::verstehen}}?,verstehen,verstehen,v.,understand,Can you understand me?,A1,
765,Peter besucht seine {{c1::Verwandten}} in Polen.,Verwandten,der Verwandte,n. M.,relatives,Peter is visiting his relatives in Poland.,A1,
766,Hier regnet es {{c1::viel}}.,viel,viel,pron.,much,It rains a lot here.,A1,
767,Ich komme {{c1::vielleicht}} mit dem Bus.,vielleicht,vielleicht,adv.,perhaps,I might come by bus.,A1,
768,Das Auto {{c1::von}} Felix ist kaputt.,von,von,prep.,from,Felix's car is broken.,A1,
769,Er kommt gerade {{c1::von}} Köln/{{c1::von}} zu Hause.,von,von,prep.,from,He just came from Cologne/home.,A1,
770,Der Termin war {{c1::vor}} einer Stunde.,vor,vor,prep.,from,The appointment was an hour ago.,A1,
771,Das Auto steht {{c1::vor}} der Tür.,vor,vor,prep.,before,The car is in front of the door.,A1,
772,"Ich heiße Müller, mein {{c1::Vorname}} ist Eva.",Vorname,der Vorname,n. M.,first name,"My name is Müller, my first name is Eva.",A1,
773,{{c1::Vorsicht}}! Da kommt ein Auto.,Vorsicht,die Vorsicht,n. F.,caution,Watch out! There's a car coming.,A1,
774,Wir wollen uns kennenlernen. Können Sie sich bitte {{c1::vorstellen}}?,vorstellen,(sich) vorstellen,v.,introduce,We want to get to know each other. Can you please introduce yourself?,A1,
775,Wie ist die {{c1::Vorwahl}} von München? ,Vorwahl,die Vorwahl,n. F.,prefix,What is the area code of Munich? ,A1,
776,Wir wandern um den Chiemsee. ,wardern,wandern,v.,wardern,We're hiking around the Chiemsee. ,A1,
777,{{c1::Wann}} bist du fertig?,Wann,wann,adv.,When,When will you be ready?,A1,
778,{{c1::Wann}} kann ich Sie anrufen?,Wann,wann,adv.,When,When can I call you?,A1,
779,{{c1::Wann}} sind Sie geboren?,Wann,wann,adv.,When,When were you born?,A1,
780,Können Sie ein paar Minuten {{c1::warten}}? ,warten,warten,v.,wait,Can you wait a few minutes? ,A1,
781,Auf wen {{c1::warten}} Sie? ,warten,warten,v.,wait,Who are you waiting for? ,A1,
782,{{c1::Warum}} kommt er nicht?,Warum,warum,adv.,Why,Why doesn't he come?,A1,
783,{{c1::Was}} ist das?,Was,was,pron.,What,What is it?,A1,
784,{{c1::Was}} möchten Sie?,Was,was,pron.,What,What do you want?,A1,
785,{{c1::Was}} {{c1::für}} {{c1::eine}} Farbe möchten Sie?,Was für eine,was für ein,,What,What color do you want?,A1,
786,Wo kann ich mir die Hände {{c1::waschen}}? ,waschen,(sich) waschen,v.,wash,Where can I wash my hands? ,A1,
787,Ich muss morgen {{c1::waschen}}. ,waschen,(sich) waschen,v.,wash,I have to wash tomorrow. ,A1,
788,"Ein Glas {{c1::Wasser}}, bitte.",Wasser,das Wasser,n. N.,Water,"A glass of water, please.",A1,
789,Ich muss zum Arzt. Mein Bein {{c1::tut}} {{c1::weh}}.,tut weh,weh tun,,hurts,I need to see a doctor. My leg hurts.,A1,
790,Kreuzen Sie bitte an: „{{c1::weiblich}}“ oder „männlich“.,weiblich,weiblich,adv.,female,"Please mark with a cross: ""female"" or ""male"".",A1,
791,"Nein danke, ich möchte keinen {{c1::Wein}}.",Wein,der Wein,n. M.,wine,"No thanks, I don't want wine.",A1,
792,Zum Bahnhof ist es nicht {{c1::weit}}. ,weit,weit,adv.,far,It's not far to the station. ,A1,
793,Der Bus fährt nicht {{c1::weiter}}.,weiter,weiter,adv.,far,The bus doesn't go any further.,A1,
794,{{c1::Welches}} Buch möchtest du?,Welches,welche-,det.,Which,Which book would you like?,A1,
795,Es gibt viele Probleme auf der {{c1::Welt}}.,Welt,die Welt,n. F.,world,There are many problems in the world.,A1,
796,Ich habe leider nur {{c1::wenig}} verstanden.,wenig,wenig,pron.,little,I'm afraid I understood very little.,A1,
797,Er verdient {{c1::wenig}}.,wenig,wenig,pron.,little,He doesn't earn much.,A1,
798,{{c1::Wer}} ist das?,Wer,wer,pron.,Who,Who is he?,A1,
799,Mein Sohn will Arzt {{c1::werden}}.,werden,werden,aux.,become,My son wants to be a doctor.,A1,
800,Wir hatten schlechtes {{c1::Wetter}}.,Wetter,das Wetter,n. N.,weather,We had bad weather.,A1,
801,Dieses Formular ist sehr {{c1::wichtig}}.,wichtig,witchtig,adv.,important,This form is very important.,A1,
802,{{c1::Wie}} heißt du?,Wie,wie,adv.,How,What is your name?,A1,
803,Er schreibt {{c1::wie}} ein Kind.,wie,wie,prep.,how,He writes like a child.,A1,
804,Meine Frau ist so groß {{c1::wie}} ich.,wie,wie,prep.,How,My wife is as tall as me.,A1,
805,{{c1::Wie}} soll ich das machen?,Wie,wie,adv.,Like,How should I do it?,A1,
806,{{c1::Wie}} groß ist die Wohnung?,Wie,wie,adv.,How,How big is the apartment?,A1,
807,{{c1::Wie}} bitte?,Wie,wie,adv.,How,Excuse me?,A1,
808,{{c1::Wie}} lange bist du schon hier?,Wie,wie,adv.,how,How long have you been here?,A1,
809,Können Sie das bitte {{c1::wiederholen}}?,wiederholen,wiederholen,v.,repeat,"Can you repeat that, please?",A1,
810,Wir müssen jetzt Schluss machen. Also auf {{c1::Wiederhören}}!,Wiederhören,das Wiederhören,n. N.,Goodbye,We have to break up now. So goodbye!,A1,
811,Auf {{c1::Wiedersehen}}!,Wiedersehen,das Wiedersehen,n. N.,Reunion,Goodbye!,A1,
812,{{c1::Wie}} {{c1::viel}} Milch nehmen Sie?,Wie viel,wie viel,,How much,How much milk do you take?,A1,
813,Herzlich {{c1::willkommen}}!,willkommen,willkommen,adv.,welcome,Welcome!,A1,
814,Der {{c1::Wind}} kommt aus Osten.,Wind,der Wind,n. M.,Wind,The wind comes from the east.,A1,
815,{{c1::Wir}} lernen Deutsch.,Wir,wir,pron.,We,We're learning German.,A1,
816,"{{c1::Weißt}} du, wie er heißt?",Weißt,wissen,v.,Know,Do you know his name?,A1,
817,{{c1::Wo}} waren Sie im Urlaub?,Wo,wo,adv.,Where,Where were you on vacation?,A1,
818,{{c1::Wo}} ist die Post?,Wo,wo,adv.,Where,Where is the post office?,A1,
819,{{c1::Wo}} sind Sie geboren?,Wo,wo,adv.,Where,Where were you born?,A1,
820,{{c1::Woher}} kommen Sie?,Woher,woher,adv.,Where from,Where are you from?,A1,
821,{{c1::Wohin}} fährt dieser Bus?,Wohin,wohin,adv.,Where,Where is this bus going?,A1,
822,{{c1::Wohin}} wollen Sie am Wochenende?,Wohin,wohin,adv.,Where to,Where are you going this weekend?,A1,
823,Ich {{c1::wohne}} in München.,wohne,wohnen,v.,live,I live in Munich.,A1,
824,Seit wann haben Sie diese {{c1::Wohnung}}?,Wohnung,die Wohnung,n. F.,Apartment,How long have you had this apartment?,A1,
825,{{c1::Wollen}} Sie einen Kaffee trinken?,Wollen,wollen,aux.,Want,Would you like to have a coffee?,A1,
826,Ich kenne das {{c1::Wort}} nicht.,Wort,das Wort,n. N.,word,I don't know the word.,A1,
827,Das Essen schmeckt {{c1::wunderbar}}. ,wunderbar,wunderbar,adv.,wonderful,The food is wonderful. ,A1,
828,"{{c1::Zahlen}}, bitte!",Zahlen,zahlen,n. Pl.,numbers,"Check, please!",A1,
829,Ich habe heute keine {{c1::Zeit}}.,Zeit,die Zeit,n. F.,Time,I don't have time today.,A1,
830,{{c1::Zurzeit}} habe ich sehr viel zu tun.,Zurzeit,zurzeit,n.,Currently,I'm very busy at the moment.,A1,
831,Ich lese gern {{c1::Zeitung}}.,Zeitung,die Zeitung,n. F.,Newspaper,I like to read the newspaper.,A1,
832,Wie teuer sind die {{c1::Zigaretten}}?,Zigaretten,die Zigarrete,n. F.,Cigarettes,How much are the cigarettes?,A1,
833,Das {{c1::Zimmer}} ist groß.,Zimmer,das Zimmer,n. N.,Room,The room is big.,A1,
834,"Öffne im {{c1::Schlafzimmer}} das Fenster, bitte!",Schlafzimmer,das Schlafzimmer,n. N.,Bedroom,"Open the window in the bedroom, please!",A1,
835,Die Wohnung hat drei {{c1::Zimmer}}.,Zimmer,das Zimmer,n. N.,Room,The apartment has three rooms.,A1,
836,Ich habe ein {{c1::Zimmer}} bestellt.,Zimmer,das Zimmer,n. N.,Room,I've ordered one room.,A1,
837,Wir müssen noch durch den {{c1::Zoll}}.,Zoll,der Zoll,n. M.,Inch,We still have to go through customs.,A1,
838,Der Bus fährt {{c1::zum}} Bahnhof.,zum,zu,prep.,to,The bus is going to the station.,A1,
839,Ich gehe {{c1::zu}} Fuß.,zu,zu,prep.,to,I'll walk.,A1,
840,Ich bin {{c1::zu}} Hause. ,zu,zu,prep.,to,I am at home. ,A1,
841,Ich bin mit der Wohnung {{c1::zufrieden}}.,zufrieden,zufrieden,adv.,satisfied,I am happy with the apartment.,A1,
842,Ich fahre gern mit dem {{c1::Zug}}.,Zug,der Zug,n. M.,Train,I like to take the train.,A1,
843,Einmal Frankfurt und {{c1::zurück}}.,zurück,zurück,adv.,back,Once to Frankfurt and back.,A1,
844,Wann kommst du {{c1::zurück}}? ,zurück,zurück,adv.,back,When will you be back? ,A1,
845,Sollen wir {{c1::zusammen}} essen gehen?,zusammen,zusammen,adv.,together,Shall we have dinner together?,A1,
846,Das macht {{c1::zusammen}} 2 Euro 80.,zusammen,zusammen,adv.,together,That's 2 Euro 80 together.,A1,
847,Heidelberg liegt {{c1::zwischen}} Frankfurt und Stuttgart.,zwischen,zwischen,prep.,between,Heidelberg is between Frankfurt and Stuttgart.,A1,
848,{{c1::Zwischen}} 8 und 10 Uhr bin ich zu Hause.,zwischen,zwischen,prep.,between,I'll be home between 8 and 10.,A1,
